isco08,t_1A1f1,t_1A2a2,t_2B1a,t_4A2a4,t_4A2b2,t_4A3a3,t_4A3a4,t_4A4a1,t_4A4a4,t_4A4b4,t_4A4b5,t_4C2d1g,t_4C2d1i,t_4C3b4,t_4C3b7,t_4C3d3,t_4C3b8_rev,t_4C1a2l_rev,t_4A4a5_rev,t_4A4a8_rev,t_4A1b2_rev,t_4A3a2_rev,t_4A3b4_rev,t_4A3b5_rev
1112,1.561666666666667,1.373333333333333,3.916666666666667,3.898333333333333,3.806666666666667,1.97,2.206666666666667,3.931666666666667,4.376666666666667,4.258333333333334,3.903333333333334,2.175,2.33,3.846666666666666,3.028333333333334,1.37,1.4433333,1.1933333,3.2149999,2.3533332,3.1866667,4.0233335,4.3649998,4.3816667
1113,1.185,1,4,4.105,4.18,1.38,1.42,4.075,4.390000000000001,4.225,3.78,1.815,2.27,3.79,2.735,1.39,1.3299999,1.13,3.7950001,2.9499998,3.6300001,4.52,4.835,4.8050003
1114,1.416666666666667,1.51,3.75,3.848333333333333,3.4575,2.370833333333333,2.37,3.6775,4.0525,3.82,3.635,2.319166666666667,2.413333333333333,4.079166666666667,3.331666666666666,1.488333333333333,1.4225,1.2258333,3.2766666,2.5975001,2.7258334,3.7674999,3.9533334,4.1141667
1120,1.3425,1.25,4,3.9075,3.75,2.035,1.91,3.7975,4.165,4.1875,3.855,2.1175,2.355,3.89,3.1625,1.495,1.265,1.0899999,3.4275,2.55,3.0999999,4.0149999,4.2975001,4.4324999
1211,1,1.166666666666667,3.29,4.399999999999999,3.603333333333333,1.4,1.13,3.533333333333333,4.026666666666667,3.56,3.673333333333333,2.193333333333333,2.5,4.513333333333334,3.356666666666667,1.18,1.64,1.11,3.77,3.5699999,4.2433333,4.6866665,4.9899998,4.8833332
1212,1,1.46,3.753333333333333,4.053333333333334,3.666666666666667,1.54,1.41,4.073333333333333,4.616666666666666,4.153333333333333,4.166666666666667,2.543333333333333,2.553333333333333,4.02,2.793333333333333,1.113333333333333,1.5033333,1.2566667,3.0033333,3.5933332,4.1999998,4.2666664,4.8699999,4.813333
1213,1.333333333333333,1.52,3.5,3.986666666666666,3.595,2.051666666666666,2.34,3.835,4.165,3.49,3.34,2.218333333333333,2.386666666666667,4.168333333333334,3.073333333333333,1.376666666666667,1.645,1.4016666,3.4933333,3.0450001,2.8816667,4.0250001,4.1466665,4.1683335
1219,1.111111111111111,1.173333333333334,3.833333333333333,3.948888888888889,3.478333333333333,2.150555555555556,2.166666666666667,3.698333333333334,4.185,3.86,3.736666666666667,1.989444444444445,2.392222222222222,4.209444444444444,3.441111111111111,1.805555555555556,1.965,1.2905556,3.3044443,2.9949999,3.1205556,3.9483333,4.3288889,4.4327779
1221,1.25,1.25,3.88,3.83,4.32,1.36,1.935,3.5,4.515,3.99,3.83,1.915,2.17,3.77,2.685,1.055,1.64,1.46,3.52,2.7449999,4.21,4.5749998,4.7150002,4.665
1222,1,1.38,4,3.26,4.05,1.85,1.82,3.01,4.01,2.98,2.62,2.07,2.5,4.3,2.7,1,1.77,1.13,3.6300001,2.8199999,4.23,3.9200001,4.79,4.6599998
1223,1.185,1.615,3.241666666666666,4.161666666666666,3.929166666666666,2.3225,1.8425,3.76,3.951666666666666,3.645,3.2875,2.490833333333334,2.285,4.098333333333334,2.798333333333333,1.460833333333333,1.5616667,1.2391667,3.355,3.4300001,2.9616668,4.1208334,4.2224998,3.9641666
1311,2,2.88,3.33,3.7,3.9,3.45,3.68,3.36,3.78,3.58,3.42,3.14,2.57,3.49,3.06,2.21,1.47,1.17,3.3,3.0799999,2.26,2.53,2.8,3.22
1312,2,2.88,3.33,3.7,3.9,3.45,3.68,3.36,3.78,3.58,3.42,3.14,2.57,3.49,3.06,2.21,1.47,1.17,3.3,3.0799999,2.26,2.53,2.8,3.22
1321,1.581666666666667,2.293333333333333,3.355,3.843333333333333,3.568333333333333,3.041666666666667,2.486666666666667,3.411666666666667,3.863333333333333,4.013333333333334,3.766666666666666,2.451666666666667,2.261666666666666,4.323333333333333,3.535,2.870000000000001,1.5916667,1.1,3.3433332,4.0416665,2.2750001,3.7066667,3.0050001,3.2616668
1322,1.333333333333333,1.52,3.5,3.986666666666666,3.595,2.051666666666666,2.34,3.835,4.165,3.49,3.34,2.218333333333333,2.386666666666667,4.168333333333334,3.073333333333333,1.376666666666667,1.645,1.4016666,3.4933333,3.0450001,2.8816667,4.0250001,4.1466665,4.1683335
1323,2,1.12,3.38,3.95,3.35,2.1,2.4,3.55,4.05,3.8,3.45,2.05,1.85,3.85,2.95,1.7,1.75,1.2,3.2,3.3,1.95,3.8,4.1500001,4.4400001
1324,1.295,1.395,3.52,3.975,3.785,2.11,2.385,3.47,4.17,4.055,3.87,2.32,2.425,4.04,2.975,1.825,1.9,1.155,3.52,3.49,3.0250001,3.7449999,4.1599998,4.2749996
1330,1.12,2.12,3.62,4.25,3.58,1.98,1.63,3.56,3.9,3.98,3.76,2.94,3.61,4.04,3.88,1.28,1.25,1.37,3.6199999,4.1900001,3.04,4.3499999,4.52,4.0100002
1341,1,1.88,3.88,2.63,3.76,1.56,1.77,3.13,4.33,4.08,3.98,2.73,2.8,4.05,3.68,1.19,1.5599999,1.12,1.72,1.9,2.6199999,3.3499999,4.79,4.5500002
1342,1,1.62,3.88,4.16,3.52,1.96,1.27,4.12,4.38,4.31,4.19,2.72,3.54,4.5,4.08,1.6,1.88,1.08,3.0799999,3.1199999,3.6900001,4.1199999,4.8499999,4.77
1343,1.25,1.56,3.94,3.935,3.42,2.325,1.835,3.82,4.16,4.23,4.06,2.57,2.99,4.245,3.835,1.6,1.54,1.0650001,3.0699999,2.635,3.1300001,3.8150001,4.3049998,4.415
1344,1,1.5,4,3.48,3.87,1.64,2.18,3.46,4.13,3.74,3.32,2.54,2.05,4.2,3.43,1.18,1.63,1.12,1.99,2.3599999,3.49,4.0799999,4.8099999,4.6999998
1345,1,1.06,4,4.3,4.055,1.555,1.46,3.975,4.565,4.175,4.165,2.065,2.15,4.135,2.675,1.005,1.47,1.22,2.5599999,2.6700001,3.5300002,4.3649998,4.7449999,4.6199999
1346,1.25,1.333333333333333,3.645,4.055,3.461666666666667,2.045,1.765,3.526666666666666,3.983333333333333,3.855,3.801666666666667,2.306666666666667,2.47,4.251666666666667,3.473333333333334,1.39,1.4200001,1.0799999,3.415,2.8600001,3.4066668,4.0983334,4.375,4.4716663
1349,1.333333333333333,1.52,3.5,3.986666666666666,3.595,2.051666666666666,2.34,3.835,4.165,3.49,3.34,2.218333333333333,2.386666666666667,4.168333333333334,3.073333333333333,1.376666666666667,1.645,1.4016666,3.4933333,3.0450001,2.8816667,4.0250001,4.1466665,4.1683335
1411,2.12,2,4,3.48,3.98,2.53,2.53,3.07,4.14,3.85,4.02,1.76,2.52,4.14,4.14,1.8,1.34,1.17,2.28,1.84,2.8800001,3.3399999,3.9100001,4.1199999
1412,1,3,3.62,2.86,2.5,2.71,1.65,2.56,3.28,3,3.29,3.52,4.11,4.29,3.95,1.78,1.84,1.21,3.02,2.01,2.9300001,2.8599999,3.8399999,4.04
1420,1.5,1.5,4,3.71,3.32,2.69,2.4,3.52,3.94,4.15,3.93,2.42,2.44,3.99,3.59,1.6,1.2,1.05,3.0599999,2.1500001,2.5699999,3.51,3.76,4.0599999
1431,1.291666666666667,1.7,3.69,3.793333333333333,3.4025,2.040833333333333,1.975,3.4875,4.1375,3.855,3.79,2.179166666666667,2.493333333333333,4.284166666666668,3.336666666666666,1.438333333333333,1.5775,1.2308333,3.3516667,2.4375,2.8808334,3.8325,3.9433331,4.1241665
1439,1.333333333333333,1.52,3.5,3.986666666666666,3.595,2.051666666666666,2.34,3.835,4.165,3.49,3.34,2.218333333333333,2.386666666666667,4.168333333333334,3.073333333333333,1.376666666666667,1.645,1.4016666,3.4933333,3.0450001,2.8816667,4.0250001,4.1466665,4.1683335
2111,1.25,1.5,3.123333333333334,4.566666666666666,4.253333333333333,1.99,1.416666666666667,3.906666666666667,3.416666666666667,2.913333333333334,3.243333333333334,2.126666666666666,2.176666666666666,4.21,2.32,1.1,1.6266667,1.6,3.9966667,3.8,3.4666667,4.29,4.4500003,3.8400002
2112,1.125,1.81,3.125,4.335,3.85,1.545,1.6,4.12,3.645,3.05,3.05,2.595,2.565,4.23,2.775,1.18,2.0799999,1.58,4.0950003,3.3499999,3.6300001,4.4250002,4.6100001,4.0999999
2113,1.123333333333333,2.29,3,4.463333333333334,3.966666666666667,2.586666666666666,1.823333333333333,3.93,3.54,2.983333333333333,2.88,2.85,2.426666666666667,4.346666666666667,2.98,1.743333333333333,1.9533333,1.4733334,3.8199999,4.2666669,2.5866666,3.8433332,3.8600001,3.29
2114,1.666666666666667,1.956666666666667,3,4.600000000000001,4.09,1.97,2.2,4.033333333333334,3.67,3.243333333333334,3.116666666666667,2.41,2.2,4.053333333333334,2.773333333333333,1.386666666666667,1.98,1.5433334,4.0666666,3.4933333,3.4733334,3.8966665,4.1733332,3.8133335
2120,1.024,1.175,2.865,4.75,4.031000000000001,1.272,1.036,4.245,3.626,3.082,2.927,1.936,2.404,4.48,2.693,1.049,1.7969999,1.522,4.237,4.289,4.4390001,4.842,4.9489999,4.8010001
2131,1.301944444444444,1.929722222222222,3.17,4.575833333333334,3.996388888888889,2.522222222222223,2.048611111111111,4.22138888888889,3.859444444444444,3.370833333333334,3.308333333333333,2.723611111111111,2.602222222222222,4.430277777777778,3.111944444444445,1.554444444444445,1.7263889,1.3119445,3.6605556,3.4858334,3.0119445,3.688889,4.1908331,3.9655554
2132,2.25,2,3.336666666666666,4.043333333333333,3.593333333333334,2.456666666666667,3.043333333333333,3.896666666666667,4.27,3.146666666666667,3.25,2.433333333333334,2.346666666666666,3.75,2.796666666666667,1.223333333333333,1.5333333,1.3933333,3.4466667,2.4166665,3.2833333,3.5,4.1733332,4.1399999
2133,1.892916666666667,1.895,3.284583333333333,3.882916666666667,3.850000000000001,1.914166666666667,2.674166666666667,4.040416666666666,4.0675,2.920416666666667,2.897916666666667,2.286666666666666,2.32125,3.72375,2.65125,1.245,1.7191666,1.3275001,3.7012501,2.4933333,3.1370833,3.6291666,4.2833333,4.2787499
2141,1.47,1.5,3.125,4.1975,3.69,2.7025,1.765,3.7275,3.8275,2.7925,2.9725,2.345,2.1825,4.25,3.0525,1.6825,1.8099999,1.2474999,3.9200001,4.27,2.4200001,3.8824999,3.9400001,3.98
2142,1.706666666666667,1.29,3,4.13,3.746666666666667,1.746666666666667,2.223333333333333,3.476666666666667,3.976666666666667,3.736666666666667,3.64,2.153333333333333,2.166666666666667,4.073333333333333,2.8,1.41,2.04,1.27,3.8066666,3.1399999,2.5699999,4.2066665,4.3666668,4.2800002
2143,1.12,1,3.12,4.29,3.62,2.14,2.45,3.86,3.86,3.43,3.27,1.86,1.81,3.5,2.14,1.29,2.23,1.36,3.6400001,2.8599999,2.5699999,4.1399999,3.6700001,3.5699999
2144,1.483333333333333,1.66,3.0575,4.26,4.0275,2.4475,2.304166666666667,3.664166666666667,3.664166666666667,3.015,3.011666666666667,2.47,2.194166666666667,4.176666666666668,2.7275,1.646666666666667,1.865,1.28,3.8800001,4.0858335,2.45,3.9475,3.6991668,3.7024999
2145,1.12,1.12,3,4.68,4.09,2.5,1.64,3.82,3.5,3.14,3.09,2.15,2,4.27,2.45,1.27,1.86,1.1799999,3.95,4.23,2.5,4.5,4.0500002,4
2146,1.28,1.625,3.125,4.5,4.0675,2.37,1.76,3.885,3.775,3.39,3.105,2.42,2.0525,4.06,2.7625,1.7825,1.745,1.2325001,3.79,4.1950002,2.5675001,4.1324997,4.0825,3.9024999
2149,1.217,1.85325,3.04575,4.276249999999999,3.866750000000001,2.5895,1.85125,3.744,3.6245,3.22575,3.1695,2.27725,2.0235,4.199250000000001,2.52575,1.54975,2.05375,1.353,3.8167498,3.94275,2.14575,3.9102502,3.76875,3.5402501
2151,1.12,2,3.12,4.15,3.73,2.42,2.01,3.45,3.51,2.68,2.42,1.91,2.19,4.27,2.85,1.33,1.9299999,1.33,3.4100001,4.21,2.5799999,4.0100002,3.98,2.8699999
2152,1.06,2.2775,2.94,3.905,4.21,2.5175,1.535,3.5125,3.5025,2.46,2.655,2.7625,2.4475,4.327500000000001,3.0575,1.4625,1.965,1.2875,3.9949999,4.4875002,2.8499999,4.1199999,4.1824999,2.7525001
2153,1.12,2.435,3,3.81,4.18,2.795,1.66,3.405,3.775,2.24,2.41,2.885,2.295,4.245,3.215,1.545,1.74,1.3050001,3.9899998,4.2049999,2.6100001,4.0100002,4.1849999,2.915
2161,2.12,2,3.12,3.48,4.63,1.7,1.44,3.62,4.04,3.73,3.44,3.15,3.3,4.44,3.37,1.38,2.1500001,1.33,3.7,2.6300001,2.48,4.04,4.6300001,4.48
2162,1.38,2,3.5,3.43,4.79,2.11,2.14,3.64,4.07,3.75,3.43,2.61,2.67,4.14,3.21,1.57,1.9299999,1.4299999,3.6800001,2.04,2.6800001,3.96,4.7399998,4.48
2163,1.38,2.375,3.5,3.085,4.395,2.385,1.705,3.385,4.195,3.235,2.93,3.49,2.89,4.25,2.94,1.39,1.765,1.46,4.0500002,3.4949999,2.7249999,4.0100002,4.3000002,4.1499996
2164,1.88,1,3.38,4.25,4.33,1.42,1.69,4.06,4.43,3.83,3.69,1.77,1.89,3.58,2.08,1.14,2.0599999,1.17,3.74,1.47,4.0599999,4.4699998,5,4.8099999
2165,2.0325,2.5,3,4.2375,3.5575,2.705,2.5525,3.635,3.695,2.9375,2.86,3.96,3.115,4.7925,3.7125,1.425,2.1700001,1.4325,3.925,2.4974999,2.865,3.5825,3.8075001,3.1499999
2166,1,2.25,3,3.3,4.795,2.36,1.25,3.415,3.89,2.935,2.7,4.074999999999999,3.35,4.42,3.1,1.705,2.095,1.39,3.875,3.6300001,3.8899999,3.97,4.5299997,3.9100001
2221,1.032666666666667,2.665333333333333,4.024666666666667,4.037333333333333,3.486,2.832,1.646,4.078666666666667,4.399999999999999,3.519333333333333,3.713333333333333,3.239333333333333,2.667333333333334,4.689333333333333,3.35,1.483333333333333,1.5466666,1.1113334,1.12,1.8773333,2.4679999,2.944,4.1733332,3.9760001
2222,1,2.75,4.12,4.05,3.22,2.11,1.46,4.25,4.62,3.3,3.68,3.27,2.24,4.54,2.54,1.03,1.62,1.03,1.11,1.51,2.95,2.8599999,4.6500001,4.5700002
2240,1,2.875,3.56,4.22,3.35,2.725,1.715,3.69,4.055,2.72,3.02,3.755,2.77,4.69,3.62,1.775,1.755,1.15,1.52,2.325,2.52,3.1399999,3.9400001,3.8699999
2250,1.12,3,3.25,3.73,2.69,2.48,1.61,4.04,4.06,3.08,2.68,4.04,2.96,4.55,3.17,1.64,1.71,1,2.3199999,1.75,2.74,3.1600001,4.3800001,4.4299998
2261,1.2825,3.69,3.8475,3.565,3.5825,3.455,1.64,3.5025,4.2725,3.9,3.7225,4.635,3.825,4.835,3.9225,1.4375,1.24,1.0325,1.34,1.54,2.2574999,2.8724999,3.4575,3.5025001
2262,1.12,2.62,3.5,3.75,3.1,2.24,1.2,3.92,3.91,3.52,3.1,3.37,3.82,4.93,4.52,1.48,1.63,1.0599999,1.83,1.8200001,2.6199999,3.0999999,4.3000002,4.21
2263,1.12,2,3.88,4.08,4.13,2.51,2.24,4.52,4.72,2.99,3.24,1.71,2.97,3.79,3.55,1.11,1.85,1.12,1.99,1.5700001,3.5899999,3.27,4.3899999,3.96
2264,1.06,2.56,3.875,3.64,3.635,2.745,1.86,4.015000000000001,4.23,3.105,3.745,2.945,2.815,3.775,3.35,1.28,1.6800001,1.135,1.325,1.8099999,3.0149999,2.46,4.3599997,4.335
2265,1,1.12,3.88,3.82,3.36,1.78,1.57,4.35,4.48,3.57,3.91,1.91,2.24,4.09,2.36,1.39,1.61,1.09,1.6799999,1.64,3.6800001,4.0900002,4.8299999,4.7399998
2266,1.06,1.935,3.815,3.44,3.355,2.285,1.525,3.975,3.995,2.5,3.175,2.69,2.15,4.145,2.535,1.235,1.675,1.1600001,1.83,2.2,3.0949998,3.5650001,4.2849998,3.7849998
2267,1,3.12,3.5,4.22,2.87,2.7,1.3,4,3.91,3.52,3.09,4.36,3.3,4.7,3.39,1.39,1.91,1.09,1.5,1.73,3.22,3,4.1700001,4.1300001
2269,1.176666666666667,2.3025,3.915833333333333,3.3175,3.650833333333333,2.015833333333333,1.755833333333333,3.879166666666666,4.218333333333334,3.125,3.270833333333333,3.240833333333333,2.496666666666667,3.796666666666666,2.766666666666667,1.103333333333333,1.5241666,1.1108333,1.3816667,2.1816666,3.5366666,3.2733333,4.4425001,4.4050002
2310,1.051176470588235,1.238235294117647,3.27764705882353,4.000294117647059,4.239705882352942,1.922058823529412,1.485588235294118,4.204411764705884,3.974117647058824,3.189411764705883,3.865882352941176,2.145882352941177,2.336764705882354,3.862941176470588,2.520588235294118,1.100882352941176,1.36,1.4441177,3.1047058,3.0050001,3.7782352,4.1264706,4.6202941,4.442647
2320,1.246666666666667,2.416666666666667,3.626666666666666,3.536666666666667,3.833333333333333,2.963333333333333,2.213333333333333,3.736666666666666,4.076666666666666,3.61,4.156666666666667,2.866666666666667,2.176666666666667,3.843333333333334,2.843333333333333,1.326666666666667,1.6966667,1.4,2.6166666,2.5799999,2.7666667,3.0766666,3.5833333,3.4233334
2330,1,1.38,3.88,3.65,4.28,2.13,1.57,3.64,4.21,3.04,3.96,2.15,1.78,3.6,2.48,1.12,1.64,1.29,2.5599999,3.04,3.54,3.8699999,4.6100001,4.5300002
2341,1.19,1.25,3.94,3.665,4.08,1.7,1.225,3.475,4.375,3.42,4.279999999999999,2.285,2.255,3.675,2.705,1.12,1.905,1.1500001,2.075,2.9099998,3.51,3.7550001,4.7799997,4.48
2342,1.06,1.87,3.935,2.76,3.96,1.615,1.295,2.725,4.065,3,3.31,2.825,2.615,3.37,2.23,1.14,2.2850001,1.5650001,2,2.9949999,3.665,3.45,4.8400002,4.52
2351,1,1.25,3.88,4.19,3.72,1.5,1.67,3.76,4.63,3.44,4.14,1.61,2.22,3.26,2.69,1,1.89,1.05,2.71,2.78,3.6400001,3.8900001,4.6999998,4.6100001
2352,1.5,2.56,3.94,3.29,3.73,1.655,1.705,3.475,4.105,3.225,3.685,2.73,2.805,2.99,2.3,1.085,1.9299999,1.095,1.635,2.8899999,3.27,2.6550002,4.5500002,4.6500001
2353,1.06,1.44,3.31,2.935,4.12,1.725,1.595,4.13,3.9,2.53,4.285,2.63,2.125,3.72,2.8,1.18,1.63,1.465,3.02,2.8000002,3.5149999,3.9649999,4.4200001,4.4949999
2354,1.12,1.88,3.12,3.02,4.12,1.61,1.79,4.28,4.12,2.72,4.74,2.92,1.89,3.56,2.9,1.27,1.63,1.34,3.01,2.97,3.3699999,3.5599999,4.2600002,4.7199998
2355,1.12,1.88,3.12,3.02,4.12,1.61,1.79,4.28,4.12,2.72,4.74,2.92,1.89,3.56,2.9,1.27,1.63,1.34,3.01,2.97,3.3699999,3.5599999,4.2600002,4.7199998
2356,1.12,1.12,4,4.14,4.5,1.56,1.22,4.33,4.67,3.29,4.33,1.94,2.03,3.75,2.36,1.03,2,1.34,3.3299999,3.6700001,3.6099999,4.1399999,4.9200001,4.75
2359,1,1.62,4.25,3.5,3.64,1.49,1.44,3.99,4.54,3.19,4.02,2.13,1.92,2.9,2.38,1,1.73,1.01,1.46,2.1300001,4.23,4.5799999,4.79,4.6799998
2411,1,1.356666666666667,3.02,4.256666666666667,2.986666666666666,1.72,1.3,3.673333333333333,3.97,2.94,3.003333333333333,2.59,2.856666666666667,4.69,4.06,1.253333333333334,1.9033333,1.3866667,3.5266666,3.6533334,4.1300001,4.3233333,4.8066669,4.6566668
2412,1,1,3.62,4.26,3.39,1.13,1.26,4.09,4.65,3,3.14,2.04,2.35,4.26,3.09,1,1.74,1.55,2.74,2.3,4.6500001,4.9099998,4.9099998,4.7800002
2413,1,1.37,3.31,4.585,2.515,1.42,1.33,3.74,3.92,2.935,3.17,1.54,2.57,4.25,3.4,1.135,2.105,1.27,4.2600002,4.2049999,4.3499999,4.7650003,5,4.9299998
2421,1.02,1.146666666666667,3.563333333333333,4.458333333333334,3.865,1.543333333333333,1.493333333333333,4.173333333333333,4.27,3.488333333333333,3.616666666666666,1.735,2.223333333333334,4.061666666666667,2.805,1.358333333333333,1.8816667,1.5550001,3.6616666,3.8033333,3.5916667,4.4650002,4.6583333,4.5433331
2422,1.08,1.126666666666667,3.206666666666667,3.870000000000001,3.603333333333333,1.666666666666667,1.446666666666667,3.343333333333334,4.093333333333333,3.053333333333333,3.033333333333333,1.806666666666667,2.22,3.766666666666667,2.733333333333333,1.13,1.8466667,1.6833334,3.6866667,3.4000001,3.5966666,4.2466664,4.79,4.5933332
2423,1,1.375,3.6575,3.8325,3.595,1.625,1.425,3.8025,4.3725,3.075,3.5075,2.4175,2.68,3.9225,3.075,1.025,1.6025,1.2825,2.75,3.2474999,4.3099999,4.415,4.8474998,4.7449999
2424,1.12,1.12,4,4.14,4.5,1.56,1.22,4.33,4.67,3.29,4.33,1.94,2.03,3.75,2.36,1.03,2,1.34,3.3299999,3.6700001,3.6099999,4.1399999,4.9200001,4.75
2431,1,1.405,3.12,4.0625,4.449999999999999,1.545,1.1825,3.8625,3.8425,2.6175,2.625,2.5225,2.775,4.047499999999999,3.05,1.14,1.575,2.0700002,4.3600001,3.4425001,4.3850002,4.6324997,4.8899999,4.5150003
2432,1,1.12,4,3.42,4.46,1.25,1.61,4,4.43,3.5,3.38,1.87,2.62,4.21,2.17,1,1.92,1.25,3.4200001,2.04,4.1199999,4.5,4.8299999,4.5799999
2433,1.185,1.345,3.785,3.3625,3.1525,2.1325,2.2725,3,3.75,3.17,3.275,2.49,2.7375,4.262499999999999,3.215,1.615,1.5749999,1.225,3.4624999,3.2725,3.5124998,3.9400001,4.4324999,4.2674999
2434,1.123333333333333,1.563333333333333,3.856666666666667,3.568333333333333,3.421666666666667,2.061666666666667,2.268333333333333,3.186666666666667,3.986666666666667,2.956666666666667,3.126666666666667,2.68,2.745,4.001666666666666,3.086666666666666,1.466666666666667,1.7033333,1.2866666,3.5016665,3.3150001,3.4516666,3.96,4.3683333,4.2950001
2611,1,1.38,3.75,4.1,3.69,1.77,1.34,4.4,4.21,2.79,2.45,2.53,3.6,4.58,3.19,1,1.9299999,1.08,3.4000001,2.5799999,3.6600001,4.5799999,4.71,4.1100001
2612,1,1.375,3.94,3.675,3.07,1.775,1.405,3.875,3.43,2.36,2.185,2.47,3.175,4.635,3.74,1.01,1.37,1.4549999,3.6849999,1.79,4.5100002,4.54,4.8150001,4.5999999
2619,1,1,3.62,4.13,3.26,1.09,1.13,3.74,3.74,1.59,2.43,1.14,1.5,4.65,1.96,1.13,1.39,2.0899999,3.96,3.52,4.8200002,5,5,5
2621,1.375,2,3,3.565,3.79,1.985,1.765,3.845,4.04,3.4,3.02,2.63,2.695,4.135,3.13,1.085,1.595,1.375,3.73,2.1399999,3.1750002,2.1799998,4.4749999,4.4200001
2631,1,1,2.94,4.815,4.03,1.225,1.04,4.07,3.145,2.43,2.79,1.965,2.075,4.175,2.25,1.125,1.245,1.675,4.4449997,3.7950001,4.6399999,4.8599997,4.98,4.855
2632,1.146666666666667,1.313333333333333,3.48,4.743333333333333,4.116666666666667,1.663333333333333,1.513333333333333,4.426666666666667,3.686666666666667,2.973333333333333,3.233333333333333,2.216666666666667,2.273333333333333,3.793333333333333,2.493333333333334,1.073333333333333,1.6233333,1.4033333,3.8766668,3.1966667,4.1566668,4.0999999,4.7066665,4.4833331
2633,1.166666666666667,1.293333333333333,3.46,4.34,4.08,1.403333333333333,1.366666666666667,4.246666666666666,3.863333333333333,2.803333333333333,3.166666666666667,2.15,2.473333333333333,4,2.7,1.013333333333333,1.5533333,1.4566667,3.9433334,2.3699999,4.27,4.3433332,4.8666668,4.6133332
2634,1,1,3.88,4.54,3.86,1.28,1.41,4.33,4.66,3.35,4.04,2.25,2.22,4.25,2.6,1.13,1.34,1.4,3.4100001,3.98,4.1900001,4.6999998,5,4.7199998
2635,1.14,1.185,4.2175,3.24625,3.745,1.46375,1.9725,3.70875,4.45375,2.70375,3.59625,1.90125,2.30375,3.76,3,1.15,1.7262499,1.16,1.66625,2.0374999,3.7887499,4.2550001,4.80125,4.6387501
2636,1.25,1.31,4.125,2.95,4.29,1.955,1.955,3.78,4.345000000000001,3.8,3.715,1.685,1.66,3.225,2.04,1.065,1.33,1.23,1.7149999,2.165,3.73,3.9300001,4.6850004,4.2849998
2641,1.083333333333333,1.813333333333333,2.996666666666667,3.648333333333333,4.163333333333333,1.78,1.455,3.596666666666666,3.668333333333333,2.471666666666666,2.395,3.011666666666667,3.465,4.29,3.896666666666667,1.15,1.9033333,1.6916667,4.1300001,3.5599999,4.2016668,4.4349999,4.5883331,4.2599998
2642,1,2,3.12,3.56,4.07,1.88,1.62,3.51,3.72,3.07,2.95,2.87,3.38,4.44,4.05,1.05,1.79,1.1900001,4.1199999,3.1099999,4.2800002,4.1999998,4.7199998,4.4299998
2643,1.25,1.25,3.185,3.84,3.715,1.415,1.51,4.385,4.1,2.99,3.155,1.555,2.635,4.17,2.755,1.025,2.115,1.545,3.3499999,1.9399999,4.0900002,4.4949999,4.8450003,4.7250004
2651,1,3.565,3,2.305,4.699999999999999,2.985,1.775,1.87,3.38,1.7,1.82,4.58,3.745,4.165,2.955,1.325,1.78,2.605,4.2049999,2.9200001,2.97,2.4400001,3.9899998,4.2600002
2652,1.06,2.28,3.125,3.125,4.29,1.84,1.57,2.93,4.2,2.705,2.78,3.775,3.395,4.53,3.61,1.525,2.3150001,2.03,3.48,2.0350001,3.6400001,3.575,4.375,4.3099999
2653,2.065,2.12,3.315,1.985,4.15,1.52,1.235,2.86,4.145,3.39,3.205,2.075,4.31,3.67,3.57,1.335,2.4499998,1.345,3.48,2.145,3.7750001,3.0799999,4.835,4.8000002
2654,1.103333333333333,2.200833333333333,3.290833333333333,3.455,4.655,2.144166666666667,1.561666666666667,3.415,4.140833333333334,3.033333333333333,3.010833333333333,3.320833333333333,3.069166666666666,4.327500000000001,3.305,1.903333333333333,1.895,1.1683333,3.6191666,2.6791666,3.0550001,3.8733332,4.4724998,3.4366667
2655,1,2,3.75,1.78,4.41,1.42,1.3,2.3,4.57,2.09,2.22,2.07,2.41,4.17,2.59,1.22,3.1199999,1.61,3.6099999,1.84,4.0599999,2.96,4.73,4.75
2656,1.62,2.25,3.5,3.63,4.4,3.05,2.63,4.16,4.66,3.16,2.92,3.58,3.16,4.49,3.25,2.31,1.62,1.26,3.9000001,1.46,2.9300001,3.3199999,3.5999999,3.46
3111,1.2475,2.7825,2.97,3.845,3.1025,3.5325,1.875,3.1625,3.3925,2.4175,2.765,3.7475,3.3925,4.685,4.2325,3.0375,2.1324999,1.3924999,3.5650001,4.4949999,2.2774999,3.075,3.395,3.0675001
3112,2.264,2.574,3.09,3.601,3.227,2.717,3.274,3.531,3.682,3.069,3.076,3.037,3.02,4.218999999999999,3.22,1.549,1.9549999,1.244,3.152,2.592,2.3499999,3.096,3.6690001,3.8570001
3113,1.6075,3.2975,2.89,3.69,3.4725,3.615,2.455,3.2525,3.5175,2.6,2.8625,3.7925,2.63,4.475,3.31,2.0825,2.01,1.2925,3.675,4.2800002,2.0599999,2.9825001,2.835,2.0025001
3114,1.34,2.91,2.84,3.72,3.58,3.29,2.41,3.26,3.49,2.77,2.84,3.41,2.53,4.39,3.2,1.68,1.73,1.29,3.5,3.9200001,2.1199999,3.0699999,3.26,2.1900001
3115,1.68625,3.2025,2.89375,3.73125,3.31375,3.44125,2.69625,3.41125,3.64125,2.5975,2.855,3.785,2.675,4.59625,3.38625,2.17875,2.365,1.23,3.8475001,4.4425001,2.0374999,3.0037498,2.8375001,2.6199999
3116,1.685,3.125,2.815,3.495,2.96,3.485,2.36,3.43,3.41,2.705,3.16,3.65,2.815,4.45,3.41,2.575,2.4200001,1.24,3.8600001,4.3649998,1.875,2.915,2.9000001,2.9499998
3117,1.685,3.125,2.815,3.495,2.96,3.485,2.36,3.43,3.41,2.705,3.16,3.65,2.815,4.45,3.41,2.575,2.4200001,1.24,3.8600001,4.3649998,1.875,2.915,2.9000001,2.9499998
3118,1.2625,2.39,2.91,3.05,3.8925,2.225,1.5525,2.755,3.2825,2.09,2.1225,3.52,3.6075,4.5,3.4175,1.295,1.9825001,1.615,3.95,4.0299997,3.085,3.8775001,4.3899999,4.1399999
3119,1.966499999999999,2.7565,3.038,3.6235,3.17,3.2575,3.185,3.3825,3.5445,2.8305,2.9495,3.303999999999999,2.8375,4.3855,3.526000000000001,1.8485,2.016,1.2805001,3.3085001,3.0574999,2.1305001,2.8075001,3.158,3.3325
3121,2.065,3,3.185,3.37,3.705,3.55,3.455,3.39,3.995,3.7,3.205,3.09,2.995,4.26,3.07,2.27,1.7550001,1.0699999,2.9499998,2.8899999,1.88,2.2350001,2.9450002,3.1199999
3122,2,3,3.75,3.64,3.63,3.85,3,3.08,3.64,4.14,3.97,2.97,2.77,4.23,3.34,3.83,1.79,1.24,3.46,4.0300002,1.8099999,2.75,2.78,2.9200001
3123,2.065,3,3.185,3.37,3.705,3.55,3.455,3.39,3.995,3.7,3.205,3.09,2.995,4.26,3.07,2.27,1.7550001,1.0699999,2.9499998,2.8899999,1.88,2.2350001,2.9450002,3.1199999
3131,1.7275,2.679166666666666,3.104166666666667,3.743333333333333,3.145,3.936666666666667,2.971666666666667,3.275,3.5325,3.275833333333333,3.410833333333334,3.396666666666667,2.840833333333333,4.481666666666666,3.950833333333334,2.808333333333334,2.2558334,1.2283334,3.5733333,3.7891667,1.7858334,3.2583332,3.1900001,3.2033334
3132,2.1275,3.1275,3.125,3.6,3.0375,4.1025,3.2875,3.395,3.505,3.2475,3.2375,3.3575,2.6225,4.3125,3.8375,3.735,1.8575,1.21,3.28,3.6850002,1.8375,2.5325,2.6675,3.115
3133,1.62,3.12,2.62,3.08,1.73,4.19,2.39,3.17,2.85,2.28,2.43,3.9,2.99,4.46,4.04,4.41,2.4300001,1.01,4.1199999,4.6700001,2.1600001,2.48,2.9100001,4.1300001
3134,2.22,3.2225,2.815,3.34,2.9275,4.145,3.3375,2.975,2.9675,2.7075,2.82,3.5175,2.515,4.1925,3.815,3.2525,1.88,1.3425,3.4974999,3.9300001,1.92,2.8225,2.7149999,3.325
3135,2.38,3.75,2.88,3.05,2.96,3.43,3.27,2.77,3.21,3.18,3.01,4.47,4.01,4.08,3.83,4.41,2.48,1.98,3.4400001,4.5100002,2.05,1.9299999,2.78,3.22
3141,1.12,2.88,2.75,4.44,3.19,3.07,2,3.29,3.29,1.93,1.91,3.39,2.88,4.39,3.37,1.91,2.26,1.1799999,4.1900001,3.3900001,2.5999999,2.3199999,4.1999998,3.6500001
3151,2.125,2.875,2.94,2.79,3.29,3.44,3.985,3.13,3.3,2.88,2.955,3.68,2.86,3.98,3.495,2.38,1.78,1.2,3.49,3.3499999,1.8049999,2.7350001,2.605,3.2
3152,3,2.795,3.105,3.15,3.255,3.38,4.33,3.075,3.715,3.315,3.28,3.75,2.745,4.195,3.465,2.145,1.91,1.155,3.3499999,2.9400001,1.8699999,3.02,3.3299999,3.48
3153,3.333333333333333,3.206666666666667,3.126666666666666,3.596666666666666,2.993333333333334,3.936666666666666,4.606666666666666,3.15,3.693333333333333,2.85,2.78,4.193333333333332,2.98,4.57,3.913333333333333,2.756666666666666,1.8199999,1.3033333,3.3666666,2.49,1.6966666,3.0999999,3.9299998,3.9666667
3154,2.065,2.44,3.19,3.505,3.645,2.535,2.72,3.165,3.575,2.805,3.34,3.79,2.995,4.475,4.005,1.965,2.0999999,1.4549999,3.6599998,2.355,2.5599999,3.79,4.355,4.145
3155,1.795,2.705,2.92,3.365,3.475,3.025,3.29,3.22,3.76,2.96,2.965,3.41,2.5,4.255,3.27,1.665,1.925,1.16,3.5149999,3.1300001,2.0899999,3.2049999,3.5650001,2.9400001
3211,1.276,2.988,3.377999999999999,3.31,3.2,3.896,2.324,3.55,3.856,2.876,2.97,4.32,3.648,4.731999999999999,4.11,2.88,2.086,1.37,1.436,1.796,2.1159999,2.322,3.576,3.2639999
3212,1,3.018333333333334,2.938333333333333,3.811666666666667,2.67,3.161666666666666,1.63,3.465,3.476666666666667,2.876666666666667,3.073333333333333,4.043333333333333,3.908333333333334,4.875,4.41,2.893333333333334,2.1266665,1.245,3.0416665,3.5650001,2.23,3.0700002,3.46,3.1700001
3213,1,3.12,3.12,3.29,2.88,2.63,1.62,3.43,3.56,2.32,2.81,4.05,4.16,4.51,4.07,2.2,2.54,1.23,2.1099999,1.86,2.8399999,2.23,4.0300002,4.1799998
3214,1.125,3.215,3.345,3.05,3.5825,3.3875,1.985,3.3625,3.67,2.73,2.715,4.3325,3.09,4.385,3.2075,1.775,1.8825001,1.5,2.3125,2.7325001,2.365,2.7325001,3.4475,3.3025
3221,1.12,2.75,4,3.49,3.21,2.68,1.78,3.3,4.55,3.76,3.63,3,3.27,4.78,4.04,1.4,1.9,1.09,1.14,2.1900001,2.3699999,2.4300001,3.99,3.9000001
3222,1,2.38,3.88,3.97,3.32,2.64,2.33,4.42,4.5,2.83,3.65,2.93,1.27,3.68,2.1,1.01,1.52,1.22,1.17,1.6900001,2.7,2.71,4.5100002,4.1999998
3230,1,2.38,3.88,3.97,3.32,2.64,2.33,4.42,4.5,2.83,3.65,2.93,1.27,3.68,2.1,1.01,1.52,1.22,1.17,1.6900001,2.7,2.71,4.5100002,4.1999998
3240,1,3.12,3.06,3.275,2.895,3.415,2.135,3.85,3.59,2.685,2.98,3.945,3.045,4.52,3.7,1.32,2.3200002,1.585,1.635,2.0349998,1.97,2.0450001,3.3400002,3.355
3251,1.12,3,3,3.75,3.27,3.26,1.88,4.14,4.26,2.48,2.34,4.52,4.26,4.33,3.52,1.54,2.21,1.34,1.24,2.3,1.86,2,3.54,3.72
3253,1.75,2.38,4.12,3.66,4.02,2.67,2.66,4.39,4.75,3.32,3.3,2.93,2.39,3.93,3.03,1.19,1.91,1.24,1.64,1.38,2.5599999,2.3099999,4,4.02
3254,1,3.12,3.25,3.41,3,2.56,1.7,3.74,3.56,3.11,3.19,4.23,2.93,4.74,3.07,1.63,2.1099999,1.15,2.6300001,1.3,2.6199999,3.3,3.8499999,4.1100001
3255,1.06,3.31,3.565,3.085,3.425,2.015,1.71,3.245,4.315,2.33,2.965,3.595,3.935,3.165,3.295,1.025,1.425,1.375,1.47,1.605,2.9300001,2.5,4.2049999,3.96
3256,1.06,2.565,3.5,3.195,2.66,2.69,1.4,3.835,3.955,2.74,3.1,3.655,3.6,4.69,4.005,1.465,2.3099999,1.46,1.395,1.6800001,2.375,3.095,3.9549999,3.6100001
3257,2,2.606666666666666,2.833333333333333,3.3,2.695,2.463333333333333,3.25,3.533333333333333,3.705,2.303333333333333,2.525,3.228333333333333,3.038333333333333,4.628333333333334,3.798333333333333,2.383333333333333,1.9416666,1.5616667,3.5983334,3.1216667,1.91,3.1383333,3.7866666,3.8766668
3259,1.170625,2.669791666666667,3.599166666666667,3.603958333333333,3.126666666666666,2.993333333333333,2.085625,3.622916666666666,3.949583333333333,2.833541666666667,3.35,3.578125,2.855625,4.259375,3.5,1.820208333333333,2.0787499,1.284375,1.4172916,2.2839584,2.5118749,2.6685417,3.8968749,3.8197918
3311,1.075,1.58,3.63,3.96,3.165,2.125,1.925,3.48,3.965,3.365,3.53,2.81,2.97,4.415,3.56,1.485,1.7,1.1800001,3.5149999,3.1599998,3.7850001,4.2449999,4.5749998,4.375
3312,1,1.75,3.185,3.97,3.24,1.575,1.27,3.35,4.045,2.425,2.77,3.515,3.005,4.41,3.765,1.325,1.7850001,1.575,3.3600001,2.2649999,4.1849999,4.4949999,4.8499999,4.665
3313,1,2,2.75,3.13,2.43,1.89,1.27,2.75,3.97,1.91,2.19,2.96,4.14,4.68,4.65,1.28,2.2,1.45,3.8399999,2.9200001,4.3299999,4.21,4.8699999,4.8299999
3314,1,1.25,2.88,4.563333333333333,3.386666666666667,1.563333333333333,1.163333333333333,4.010000000000001,3.556666666666667,2.37,2.723333333333333,1.896666666666667,3.036666666666667,4.236666666666667,3.47,1.18,2.0799999,1.5933334,3.9466667,3.5233333,4.3033333,4.4966669,4.8366666,4.4000001
3315,1.715,1.935,3.125,3.91,3.15,1.975,2.78,3.465,3.73,2.33,2.3,3.205,3.615,4.56,4.06,1.42,1.76,1.705,2.9200001,2.0699999,2.6849999,4.3299999,4.8049998,4.1199999
3321,1.04,1.416666666666667,3.333333333333333,3.84,3.106666666666667,1.856666666666667,1.916666666666667,3.286666666666667,4.093333333333333,3.006666666666666,3.016666666666667,2.58,2.863333333333333,4.406666666666666,3.67,1.316666666666667,1.8766667,1.26,3.76,3.1199999,3.9233334,4.1766667,4.6933336,4.4966669
3322,1.29,1.603333333333333,3.773333333333333,3.178333333333333,3.411666666666667,2.235,2.848333333333333,2.86,3.923333333333333,2.93,3.043333333333333,2.453333333333334,2.655,4.091666666666666,3.29,1.456666666666667,1.5133333,1.2666667,3.3249998,2.9183333,3.6716666,3.5466666,4.605,4.4883332
3323,1.04,1.71,3.29,3.83,3.496666666666667,2.096666666666667,1.666666666666667,2.95,4.04,3.133333333333333,3.063333333333334,2.09,2.79,4.28,3.966666666666667,1.183333333333333,1.4766667,1.16,3.5566666,3.21,3.5799999,4.0266666,4.7199998,4.6633334
3324,1.113333333333333,1.45,3.44,3.788333333333334,3.101666666666667,2.076666666666667,1.928333333333333,3.261666666666667,3.848333333333333,3.096666666666666,3.208333333333333,2.548333333333333,3.06,4.399999999999999,3.77,1.565,1.6216667,1.33,3.5216668,3.2049999,3.6766667,4.1599998,4.5266666,4.4516668
3331,1.595,2.095,2.97,3.0325,2.9075,2.53,2.6275,3.0875,3.4475,2.68,2.7425,2.6125,2.97,4.405,4.279999999999999,2.4025,1.5474999,1.385,3.5125,3.2175002,3.125,3.0599999,4.1350002,4.2474999
3332,1.62,2.25,3.88,3.39,3.99,2.72,2.35,3.86,4.13,3.83,3.86,2.7,3.76,3.96,3.24,1.27,1.27,1.09,2.8699999,1.66,2.6800001,2.78,4.0900002,3.3800001
3333,1.5,1.94,3.19,2.845,2.515,1.725,2.285,2.56,3.725,2.76,3.095,2.925,2.69,4.3,4.18,1.755,1.275,1.2650001,2.845,3.3499999,3.5149999,3.9549999,4.54,4.8199997
3334,1.4075,1.28,3.565,3.6425,3.5375,1.9125,2.6125,3.3425,4.155,3.47,3.5275,2.1325,2.235,4.05,3.1325,1.3625,1.5024999,1.1875,3.155,2.595,3.1700001,4.2150002,4.4650002,4.1999998
3339,1.1,1.330952380952381,3.558095238095238,3.699285714285714,3.659761904761905,1.662380952380952,1.713809523809524,3.352619047619048,4.052619047619048,2.95547619047619,3.08047619047619,2.347380952380952,2.475714285714286,4.342380952380952,3.148333333333333,1.288571428571428,1.7380953,1.4811904,3.7295239,3.0392857,3.8930953,4.2959523,4.6621428,4.512619
3341,1,1.5,4,3.98,3.55,2.33,1.94,3.44,3.7,3.73,3.97,2.39,3.17,4.23,3.07,1.1,1.59,1.0700001,2.8099999,2.95,3.02,3.3199999,4.25,4.1500001
3342,1,1.75,3,3.07,2.22,1.65,1.25,2.72,3.78,2.39,2.41,2.78,3.15,4.11,4.35,1.2,1.65,1.22,3.51,3.53,4.7199998,4.3299999,4.8600001,4.1900001
3343,1,1.88,3.25,2.82,3.73,1.96,1.42,2.86,4.53,2.39,2.71,3.43,3.28,4.5,3.83,1.13,1.3200001,1.35,2.53,2.9000001,3.72,3.23,4.5,4.3200002
3344,1,2.25,3,3.045,2.095,1.84,1.035,2.82,3.495,1.715,2.105,3.495,4.215,4.744999999999999,4.545,2.05,1.65,1.73,2.9200001,3.6350002,4.0100002,4.0550003,4.8500004,4.6549997
3351,2.055,2.468333333333333,3.787619047619048,3.94,3.269761904761905,2.318571428571428,3.346190476190477,3.832380952380953,4.062380952380953,3.499523809523809,3.405714285714286,2.942380952380952,2.839523809523809,4.455000000000001,3.719047619047619,1.489523809523809,1.9154762,1.2795237,2.692143,1.8859524,2.7592857,3.4749999,4.1549997,4.126667
3352,1,2,3.12,3.94,3.04,1.87,1.62,3.71,4.3,2.2,2.66,2.58,3.22,4.61,4.53,1.47,2.1600001,1.47,3.45,1.41,3.8099999,4.3099999,4.6500001,4.5500002
3353,1.33,1.92,3.616428571428571,3.77,2.772142857142857,1.737857142857143,1.984285714285714,3.693571428571429,4.018571428571429,2.504285714285714,2.663571428571429,2.978571428571429,3.144285714285714,4.305000000000001,3.703571428571429,1.519285714285714,2.0957141,1.4592857,3.1107144,2.2864287,3.6414285,3.9450002,4.7349997,4.6400003
3354,1.33,1.88,3.261428571428572,3.58,2.732142857142857,1.922857142857143,1.804285714285714,3.383571428571429,3.763571428571429,2.554285714285714,2.603571428571429,2.678571428571429,3.089285714285714,4.42,3.843571428571429,1.479285714285714,2.0607142,1.2842857,3.5207143,2.3414285,3.5414286,3.8699999,4.6300001,4.54
3355,2,2.531666666666667,3.706666666666667,4.05,3.576666666666667,2.275,3.49,3.953333333333333,4.205,3.641666666666667,3.555,2.918333333333333,2.833333333333333,4.48,3.761666666666667,1.371666666666667,1.5583334,1.2033334,2.6233332,2.1333332,2.9783332,3.5566669,4.1816664,4.1700001
3359,2,2.5,2.75,3.16,2.68,2.34,3.36,3.58,4.02,2.46,2.66,3.64,3.41,4.62,3.92,2.79,2.04,1.66,3.47,2.72,2.0999999,3.01,4.0999999,3.8900001
3411,1.335,1.686666666666667,3.25,3.866666666666667,2.971666666666666,2.076666666666667,2.031666666666667,3.64,3.691666666666666,2.315,2.681666666666667,2.805,2.996666666666667,4.616666666666667,3.676666666666666,1.385,1.9583333,1.4300001,3.5316668,3.1633334,3.2983334,3.7466667,4.5416665,4.2333336
3412,1.62,1.5,4,2.86,3.69,1.63,1.94,3.32,4.04,2.39,3.56,2.09,2.94,4.08,3.41,1.46,1.9299999,1.03,1.98,1.9299999,3.55,4.0100002,4.7199998,4.5500002
3421,1.88,3.12,3.12,3.98,3.39,3.25,2.91,3.01,3.87,2.94,3.71,3.75,3.92,3.76,3.68,1.59,1.97,1.25,3.3199999,2.54,2.5799999,2.49,3.6199999,3.75
3422,1.623333333333333,1.92,3.413333333333334,3.16,3.543333333333333,1.573333333333333,1.876666666666667,3.703333333333333,4.16,3.246666666666667,4.233333333333333,2.616666666666667,2.69,3.846666666666666,2.933333333333334,1.303333333333333,1.9333333,1.6166667,3.1300001,2.8966668,3.1233332,3.5366666,4.5799999,4.7033334
3423,1.286666666666667,2.626666666666666,3.416666666666667,2.863333333333333,3.82,2.203333333333333,1.84,3.523333333333333,4.113333333333333,2.686666666666667,3.806666666666667,3.086666666666666,2.693333333333333,3.543333333333333,2.886666666666667,1.226666666666667,1.5066667,1.2933333,2.2366667,3.0133333,3.1666665,2.7233334,4.3966665,4.5599999
3431,1.75,3.12,3.12,2.23,4.65,2.4,2.5,2.23,4.15,2.88,2.77,3.56,2.42,3.72,2.04,1.32,2.04,1.88,3.8499999,2.3099999,2.96,2.6900001,3.8499999,3.77
3432,1.916666666666667,2.5,3.333333333333333,3.026666666666667,4.666666666666667,2.31,1.633333333333334,3.196666666666667,4.126666666666666,3.383333333333333,3.233333333333333,3.153333333333333,2.806666666666667,3.786666666666667,2.646666666666667,1.14,1.9400001,1.3033333,3.5966666,3.01,2.96,2.79,4.5266666,4.4233332
3433,1.42,3.123333333333334,3,2.51,3.753333333333333,2.733333333333334,1.893333333333333,2.47,3.576666666666667,2,2.23,3.803333333333333,3.263333333333333,4.149999999999999,3.553333333333333,1.38,1.7766666,1.7133334,3.8066666,2.6933334,3.1766667,2.1600001,3.8066666,4.1966667
3434,1.31,2.81,3.5,2.795,3.525,3.135,1.99,2.71,3.75,3.94,3.91,4.3,3.97,4.17,3.435,2.105,2.3099999,1.3199999,2.9650002,2.4349999,2.5250001,2.55,3.9749999,4.3249998
3435,1,2.88,3,2.67,4.24,3.04,1.55,3.14,3.78,2.86,2.65,4.86,3.67,4.08,3.18,1.72,1.86,1.27,2.8099999,4.4000001,2.8800001,1.9299999,3.8699999,4.54
3521,1.625,3,3.03,3.235,4.202500000000001,3.8325,2.3575,3.085,3.86,2.8375,3.0475,4.24,3.0975,4.355,3.465,2.2675,2.1300001,1.2175,3.1875,3.1624999,2.125,2.6424999,2.9875,2.2925
3522,1.34,2.91,2.84,3.72,3.58,3.29,2.41,3.26,3.49,2.77,2.84,3.41,2.53,4.39,3.2,1.68,1.73,1.29,3.5,3.9200001,2.1199999,3.0699999,3.26,2.1900001
4110,1,1.63,3.25,2.99,2.59,1.915,1.66,2.455,3.645,2.205,2.405,2.665,3.03,4.585,4.315,1.5,1.86,1.395,3.4549999,3.4949999,3.665,4.0650001,4.5699997,4.3150001
4120,1,2,3,2.79,3,2.1,1.63,2.66,3.76,1.71,2.26,2.91,3.03,4.22,4.3,1.19,1.72,1.35,2.8299999,3.1300001,4.0100002,3.9300001,4.6900001,4.4099998
4131,1,2.12,2.62,2.86,2.73,2.42,1.43,2.49,3.95,2.03,2.29,2.76,4.16,4.68,4.62,1.52,1.74,1.39,2.8800001,2.9100001,3.1900001,3.6199999,4.5100002,4.4400001
4132,1,2,2.62,3.55,2.9,2.39,1.55,3.15,3.56,2.83,2.55,2.96,4.58,4.87,4.81,1.85,1.75,1.5599999,3.6199999,3.3199999,3.9300001,3.5799999,4.3499999,4.3499999
4211,1.06,2.62,3.06,3.34,2.675,2.72,1.995,3.365,3.895,2.5,2.61,3.985,4.27,4.54,4.34,1.815,2.6599998,1.6949999,3.075,1.8399999,3.155,2.8800001,4.2449999,3.8499999
4212,1.12,2.54,3.08,2.17,2.046666666666667,2.2,1.443333333333333,2.61,3.533333333333334,2.22,2.583333333333333,4.003333333333333,3.976666666666667,4.49,4.05,2.126666666666666,3.05,1.5033333,3.1200001,1.9166666,3.74,3.3266666,4.52,4.3099999
4214,1.06,1.25,3.565,3.195,3.065,1.42,1.415,2.9,4.18,3.28,2.985,1.92,2.36,3.865,3.305,1.045,2.125,1.665,3.3899999,2.6100001,3.97,4.29,4.895,4.835
4221,1.08,1.79,3.75,3.573333333333334,2.963333333333333,2.4,2.006666666666666,3.463333333333333,3.99,3.18,3.16,3.236666666666667,3.276666666666667,4.56,3.91,1.873333333333333,2.27,1.48,3.0033333,2.1033332,3.1499999,3.4233334,4.3800001,4.2800002
4222,1,1.88,3.06,2.855,2.935,1.865,1.32,3.435,4.1,2.44,2.9,2.625,3.415,4.315,4.32,1.355,1.99,1.42,2.7800002,2,3.9000001,3.6700001,4.77,4.1999998
4223,1,2.065,3.375,3.065,2.535,1.8,1.32,3.115,3.835,2.055,2.63,3.73,4.155,4.595000000000001,4.405,2.835,2.99,2.335,2.6849999,2.7199998,3.5500002,3.855,4.5500002,4.3850002
4224,1.625,1.75,3.935,2.905,3.41,1.85,1.695,2.9,4.29,3.185,3.29,2.865,3.1,4.045,3.51,1.37,1.8299999,1.15,2.3599999,1.7,3.625,3.4949999,4.5650001,4.3150001
4225,1,1.565,3.185,2.775,2.85,1.875,1.505,3.315,4.03,2.215,2.6,2.36,3.165,4.31,4.31,1.435,1.89,1.245,2.73,2.375,4.0450001,3.5700002,4.5550003,4.25
4226,1,1.88,3.12,2.38,2.77,1.84,1.26,3.17,4.09,2.12,2.69,2.37,3.43,4.22,4.34,1.26,2.05,1.28,2.1700001,1.51,3.9400001,3.23,4.9400001,4.1900001
4227,1,1.88,3.12,2.8,1.93,1.39,1.18,2.3,3.56,1.8,1.94,3.57,4.18,4.41,4.16,1.66,2.6700001,2.1300001,4.1599998,2.8199999,4.6300001,4.52,4.8400002,4.73
4229,1,2,3.75,3.63,2.52,1.63,1.69,3.62,4.08,2.13,2.42,3.67,3.65,4.2,4,1.57,2.0799999,1.53,2.6600001,1.8200001,4.0900002,4.0500002,4.8499999,4.73
4311,1,1.875,2.845,3.215,2.39,1.915,1.28,2.95,3.795,1.85,2.235,3.065,3.885,4.645,4.635,1.43,2.0350001,1.52,3.5549998,2.5149999,4.1100001,4.0900002,4.855,4.6949997
4312,1.012,1.704,3.15,3.318,2.418,1.706,1.154,3.128,3.936,2.154,2.542,2.914,3.554,4.662,4.409999999999999,1.44,1.874,1.476,3.464,2.744,3.8440001,4.402,4.8559999,4.7220001
4313,1,1.5,2.75,3.61,2.62,1.74,1.31,3.05,3.77,1.92,2.15,2.66,3.72,4.87,4.92,1.25,1.51,1.42,3.45,4.0599999,3.6500001,4.4000001,4.8800001,4.5300002
4321,1.81,2.875,2.94,3.095,2.81,3.42,3.1,3.395,3.395,3,3.245,3.695,3.055,4.48,4.27,3.44,2.0550001,1.265,3.3699999,3.325,2.4499998,2.1750002,3.5599999,3.5300002
4322,1.12,2,2.88,3.81,3.52,2.7,2.33,3.07,3.48,3.01,2.76,2.98,2.96,4.43,3.74,2.98,1.8,1.28,3.26,4.2199998,2.47,3.26,3.78,4.0700002
4323,1.25,2.12,3,2.94,3.48,2.42,2.08,3.53,3.92,3.23,3.03,3.15,3.24,4.45,4.23,1.73,1.66,1.46,3.24,2.79,2.6199999,3.72,3.8099999,3.77
4411,1.88,2.25,2.94,2.56,3.085,2.015,1.16,2.905,3.98,2.03,2.435,3.42,3.565,4.055,3.925,1.445,1.86,1.2,2.865,2.335,3.645,2.22,4.7799997,4.1500001
4412,1.824,3.124,2.85,2.44,2.246,2.66,3.058000000000001,2.524,3.284,1.896,2.248,4.096,4.166,4.288,3.922,2.336,2.5580001,1.714,3.4580002,3.224,3.4100001,2.2479999,4.02,4.1599998
4413,1,1.88,2.25,3.11,2.31,1.16,1,2.67,3.81,1.25,1.28,3.74,4.48,4.89,4.67,1.02,2.78,1.76,4.5100002,4.5999999,4.6700001,4.3499999,5,4
4415,1,2.685,2.94,2.745,2.88,2.935,1.935,2.32,3.46,2.25,2.43,2.415,2.865,4.175,3.425,2.395,2.48,2.125,3.4050002,3.4250002,3.3299999,2.9000001,3.9850001,3.72
4416,1,1,3.38,3.5,2.72,2.03,1.43,3.52,4.55,2.45,2.83,2.44,3.46,4.72,4.36,1.13,1.78,1.47,2.71,3.0699999,3.73,3.95,4.6799998,4.4000001
4419,1,1.625,3.315,3.295,3.15,1.91,1.815,3.335,3.83,2.39,2.58,2.61,2.87,4.300000000000001,4.26,1.48,1.735,1.3199999,3.3499999,2.97,3.4400001,3.9200001,3.915,4.0100002
5111,1.44,2.69,3.815,1.99,2.5,1.77,1.76,2.235,3.76,2.405,2.265,3.54,3.45,3.68,2.89,1.52,2.7,1.99,1.8199999,2.1800001,2.7800002,2.7350001,4.4300003,4.4700003
5112,1.5,2.38,3.75,2.07,2.15,1.69,2.25,1.63,3.81,2.48,2.32,3.07,2.72,3.42,2.42,1.37,3.47,2.3499999,2.22,3.25,3.4000001,3.6600001,4.1700001,4.1900001
5113,2.255,1.815,3.375,2.275,3.115,1.88,2.015,2.815,4.085,2.5,2.69,2.57,2.4,3.765,2.33,1.315,1.8599999,1.4300001,3.2849998,1.755,3.7800002,3.95,4.4899998,4.4849997
5120,1.248,2.974,3.004,2.81,3.146,2.948,2.15,2.532,3.38,2.854,2.899999999999999,4.359999999999999,3.784,4.116000000000001,3.068,2.292,2.052,1.768,2.9679999,2.7260001,2.526,2.592,3.9579999,4.2119999
5131,1.5,2.88,3.19,2.855,2.725,2.985,1.67,2.4,3.585,2.73,3.005,3.965,3.74,3.975,3.535,2.075,2.5949998,1.635,2.4499998,1.95,2.7950001,2.375,4.3999996,4.4050002
5132,1.25,3.12,3.25,2.7,3.33,2.11,1.9,2.39,3.99,3.45,3.33,3.69,3.73,3.88,3.09,1.16,2.54,1.8,2.5599999,1.9299999,2.3800001,2.3499999,4.0300002,4.0999999
5141,1,3.63,3.12,2.72,3.855,2.705,1.845,2.82,3.865,2.245,2.46,4.96,4.545,4.32,3.22,1.59,1.53,1.4400001,2.3049998,1.53,3.25,2.6900001,3.49,3.5300002
5142,1.024,3.326,2.974,2.32,3.538,2.318000000000001,1.676,2.78,3.626,2.5,2.726,4.384,4.318,4.148,2.804,1.484,2.1759999,1.5,2.5020001,2.2119999,3.3940001,3.0220001,4.3239999,4.2820001
5151,1.75,3,3.12,3.24,3.28,3.24,2.56,3.8,4.06,4.37,4.19,3.24,3.33,4.01,3.43,2.44,2.24,1.1900001,1.87,2.3099999,1.63,2.3599999,3.22,2.95
5152,1.75,3,3.12,3.24,3.28,3.24,2.56,3.8,4.06,4.37,4.19,3.24,3.33,4.01,3.43,2.44,2.24,1.1900001,1.87,2.3099999,1.63,2.3599999,3.22,2.95
5153,1.38,3,2.75,1.93,2.32,2.67,2.06,1.84,2.94,1.86,2.3,3.99,3.37,3.93,2.72,1.81,1.92,1.77,3.4400001,3.25,2.8199999,2.55,4.0100002,4.4899998
5163,1.913333333333333,2.666666666666667,3.58,3.03,3.33,2.973333333333333,3.726666666666667,3.446666666666667,4.169999999999999,3.18,3.026666666666667,2.926666666666667,2.476666666666667,4.543333333333333,3.4,1.563333333333333,1.7633333,1.6733333,1.5366666,1.6766666,2.4666667,2.24,3.6233335,3.7933333
5164,1.5,2.956666666666667,2.916666666666667,2.723333333333333,3.433333333333334,2.476666666666667,2.38,3.516666666666667,3.653333333333333,2.556666666666667,3.016666666666667,3.51,3.253333333333333,3.893333333333333,3.24,1.086666666666667,2.0633333,1.36,2.46,2.23,2.7266667,2.2666667,4.0799999,4.1866665
5165,1.12,1.88,3.12,3.02,4.12,1.61,1.79,4.28,4.12,2.72,4.74,2.92,1.89,3.56,2.9,1.27,1.63,1.34,3.01,2.97,3.3699999,3.5599999,4.2600002,4.7199998
5169,1.29,2,3.75,2.936666666666666,3.48,2.156666666666667,1.923333333333333,2.823333333333333,4.026666666666666,2.97,3.236666666666667,2.323333333333334,2.566666666666667,3.436666666666666,3.286666666666667,1.103333333333333,1.9466666,1.4833333,2.2166667,2.1700001,2.8299999,3.2533333,4.2666669,4.2166667
5211,1.25,1.25,3.75,1.88,2.88,1.42,2.13,2.57,4.26,3.39,3.65,2.43,1.79,2.96,2.04,1.04,1.25,1.86,3.46,1.54,4.4200001,3.6199999,4.8800001,4.71
5212,1.375,2.065,3.315,2.525,2.785,2.25,1.91,2.525,3.85,3.085,3.43,3.285,2.69,3.445,2.855,1.795,1.6799999,1.59,2.9099998,1.7249999,3.5650001,2.915,4.6149998,4.5050001
5221,1.5,1.5,4,3.71,3.32,2.69,2.4,3.52,3.94,4.15,3.93,2.42,2.44,3.99,3.59,1.6,1.2,1.05,3.0599999,2.1500001,2.5699999,3.51,3.76,4.0599999
5222,1.25,2.38,3.5,3.17,2.67,2.28,1.64,3.01,3.81,3.67,3.89,3.49,2.71,3.99,3.59,1.22,1.85,1.05,2.8800001,1.92,3.6099999,3.0999999,4.5599999,4.4299998
5223,1.375,2.375,3.5,3.05,3.015,3.04,2.76,3.175,3.965,2.67,2.755,3.435,3.065,4.225,3.885,1.325,1.8199999,1.405,3.0999999,1.4849999,3.075,2.3800001,3.6099999,3.665
5230,1.06,2.69,3,2.5,2.355,3.02,1.81,2.86,3.82,2.915,3.145,3.36,4.1,4.615,3.93,1.76,2.8,1.415,2.71,1.585,2.96,3.0350001,3.7549999,3.73
5241,1.5,1.38,3,1.6,2.99,1.04,1.09,1.43,3.42,1.11,1.21,1.22,1.89,2.66,1.32,1.62,3.1099999,2.5999999,4.73,3.1700001,4.6700001,4.75,4.8200002,4.7600002
5242,1.38,2,3,2.8,3.31,2.58,1.6,3.01,4.14,2.43,2.64,4.06,3.68,3.34,2.91,1.48,2.3800001,1.73,3.3299999,1.26,2.8599999,2.9200001,4.5,4.25
5243,1.25,1.25,3.75,1.88,2.88,1.42,2.13,2.57,4.26,3.39,3.65,2.43,1.79,2.96,2.04,1.04,1.25,1.86,3.46,1.54,4.4200001,3.6199999,4.8800001,4.71
5244,1,1.5,3.5,2.2,2.51,1.61,1.09,2.55,3.37,1.58,1.99,3.51,3.3,3.78,3.6,2.16,2.5799999,1.79,3.95,3.71,4.2399998,4.29,4.6599998,4.4699998
5245,2.25,3.25,2.88,3.25,3.03,4.06,3.86,2.65,3.1,2.53,2.74,4.72,3.79,4.48,2.68,2.15,2.25,1.04,3.3099999,2.1800001,2.4400001,2.26,2.76,3.1700001
5246,1.62,3.38,2.75,2.77,2.89,2.58,1.96,2.3,3.26,2.83,2.74,3.53,3.68,3.42,2.88,1.41,2.7,1.47,2.5599999,2.03,2.8,2.52,3.6700001,3.9100001
5249,1.5,2,3.12,2.97,3.21,2.66,3.42,3.03,3.18,2.54,2.91,3.12,2.82,4,3.68,1.45,2.3900001,1,2.8099999,1.5599999,2.6400001,3.1099999,3.29,3.55
5311,1.625,2.37,3.625,2.04,3.64,1.695,2.135,2.21,3.57,2.445,3.085,2.485,2.655,3.06,2.12,1.09,1.895,1.375,1.535,3.71,3.3400002,3.22,4.6850004,4.7600002
5329,1.303571428571429,2.886428571428571,3.258571428571428,3.213571428571428,3.21,3.058571428571428,2.190714285714286,3.601428571428571,3.914285714285714,2.960714285714286,3.154285714285714,3.826428571428572,3.700714285714285,4.306428571428571,3.597142857142857,2.032142857142857,2.2214286,1.2907143,1.6207143,2.1792858,2.2264285,2.3021429,3.6607144,3.6807144
5411,3.065,3.5,3.345,3.29,3.36,3.845,4.475,3.465,3.935,3.835,3.88,3.655,2.975,4.05,3.155,1.975,1.855,1.3050001,1.62,1.8150001,1.7149999,1.87,2.3099999,3.3150001
5412,2.375,2.855,3.753333333333333,3.81,3.428333333333333,2.45,3.976666666666667,3.81,3.993333333333334,3.773333333333333,3.606666666666667,3.216666666666667,2.95,4.435,3.676666666666666,1.593333333333333,1.8216667,1.3866667,2.1483333,1.4683334,2.6616666,3.1616666,3.9416666,3.8900001
5413,2.12,2.63,4,3.405,2.89,2.18,3.01,3.53,3.685,3.835,3.725000000000001,2.945,2.795,4.125,3.93,1.38,2.2149999,1.42,2.2,2.7850001,2.175,3.365,4.0050001,3.9400001
5414,1.626666666666667,2.293333333333333,3.123333333333334,3.296666666666667,2.846666666666666,2.463333333333333,2.083333333333333,3.46,3.493333333333334,3.27,3.31,3.563333333333333,3.286666666666667,4.513333333333333,4.033333333333334,2.08,2.5833333,1.4866667,3.05,2.5666666,2.3800001,3.1133332,4.3033333,3.7566667
5419,2.211428571428571,2.445714285714286,3.322857142857143,3.201428571428572,3.128571428571429,2.522857142857143,3.168571428571429,3.208571428571429,3.688571428571429,2.722857142857143,3.021428571428572,3.585714285714286,3.107142857142857,4.155714285714287,3.32,1.66,2.0971429,1.6514286,2.3242857,2.0085714,2.6442857,3.0628572,3.7714286,3.8585715
6111,2.22,3.045,3.145,2.61,3.04,3.95,4.16,2.73,3.8,3.535,2.98,3.495,2.455,3.79,2.665,2.995,1.99,1.625,3.1300001,3.915,1.9300001,2.0550001,2.4000001,3.415
6112,2.22,3.045,3.145,2.61,3.04,3.95,4.16,2.73,3.8,3.535,2.98,3.495,2.455,3.79,2.665,2.995,1.99,1.625,3.1300001,3.915,1.9300001,2.0550001,2.4000001,3.415
6113,2.416666666666667,3.293333333333333,2.96,2.406666666666667,3.31,3.62,4.21,2.83,3.536666666666667,3.503333333333333,3.1,3.486666666666667,2.913333333333334,3.870000000000001,2.863333333333333,3.073333333333333,1.7866668,1.5033333,2.8133333,3.2,1.8000001,2.3566666,2.79,3.8666666
6114,2.22,3.045,3.145,2.61,3.04,3.95,4.16,2.73,3.8,3.535,2.98,3.495,2.455,3.79,2.665,2.995,1.99,1.625,3.1300001,3.915,1.9300001,2.0550001,2.4000001,3.415
6121,1.97,2.925,3.015,2.695,2.595,3.14,3.165,2.585,3.425,2.705,2.645,3.215,3.025,3.6,2.61,1.835,1.5450001,2.1399999,3.5599999,3.7649999,2.575,2.22,3.375,3.9649999
6122,1.97,2.925,3.015,2.695,2.595,3.14,3.165,2.585,3.425,2.705,2.645,3.215,3.025,3.6,2.61,1.835,1.5450001,2.1399999,3.5599999,3.7649999,2.575,2.22,3.375,3.9649999
6123,1.97,2.925,3.015,2.695,2.595,3.14,3.165,2.585,3.425,2.705,2.645,3.215,3.025,3.6,2.61,1.835,1.5450001,2.1399999,3.5599999,3.7649999,2.575,2.22,3.375,3.9649999
6129,1.97,2.925,3.015,2.695,2.595,3.14,3.165,2.585,3.425,2.705,2.645,3.215,3.025,3.6,2.61,1.835,1.5450001,2.1399999,3.5599999,3.7649999,2.575,2.22,3.375,3.9649999
6130,2.063333333333333,2.99,2.97,2.503333333333333,2.79,3.48,3.59,2.573333333333333,3.676666666666666,2.986666666666667,2.736666666666667,3.28,2.72,3.64,2.543333333333333,2.42,1.74,2.0366666,3.24,3.8299999,2.2933333,2.0966668,2.9933333,3.7466667
6210,2.614,3.168,2.808,2.824,2.89,3.76,3.992,2.74,3.526000000000001,2.788,2.658,4.08,3.402,3.904,3.17,2.978,1.896,1.58,3.306,3.4100001,2.25,2.194,2.5420001,3.6200001
6221,1.97,2.925,3.015,2.695,2.595,3.14,3.165,2.585,3.425,2.705,2.645,3.215,3.025,3.6,2.61,1.835,1.5450001,2.1399999,3.5599999,3.7649999,2.575,2.22,3.375,3.9649999
6222,2.19,2.97,3.41,3.1,2.9,3.74,3.88,2.91,3.42,3.52,3.04,3.58,2.8,3.86,2.92,2.4,1.85,1.42,3.6600001,3.8699999,2.1300001,2.26,2.5699999,3.52
6223,2.19,2.97,3.41,3.1,2.9,3.74,3.88,2.91,3.42,3.52,3.04,3.58,2.8,3.86,2.92,2.4,1.85,1.42,3.6600001,3.8699999,2.1300001,2.26,2.5699999,3.52
6224,2.19,2.97,3.41,3.1,2.9,3.74,3.88,2.91,3.42,3.52,3.04,3.58,2.8,3.86,2.92,2.4,1.85,1.42,3.6600001,3.8699999,2.1300001,2.26,2.5699999,3.52
6310,2.12,3.19,2.69,1.79,2.15,2.63,2.2,1.9,2.87,2.1,2.19,4.41,3.38,3.44,2.29,3.14,2.3900001,1.71,3.9200001,3.6800001,3.51,2.4400001,3.99,4.77
6320,2.5,3.12,2.62,3.05,2.71,3.46,3.77,2.57,3.38,3,2.5,3.18,3,3.37,2.76,1.52,2.0699999,1.8099999,3.24,2.9200001,2.6199999,2.27,3.2,3.79
6330,2.31,3.155,2.655,2.42,2.43,3.045,2.985,2.235,3.125,2.55,2.345,3.795,3.19,3.405,2.525,2.33,2.23,1.76,3.5799999,3.3000002,3.0650001,2.355,3.595,4.2799997
7111,2,1.12,3.38,3.95,3.35,2.1,2.4,3.55,4.05,3.8,3.45,2.05,1.85,3.85,2.95,1.7,1.75,1.2,3.2,3.3,1.95,3.8,4.1500001,4.4400001
7112,2.125,3.565,2.75,2.82,2.91,3.185,3.71,2.97,3.035,2.725,2.94,4.41,4.27,3.925,2.83,2.79,2.5699999,2.135,3.4699998,4.1849999,2.145,1.7950001,2.9400001,4.4099998
7113,2.375,3.44,3.12,2.53,3.44,3.19,3.75,3.16,3.865,3.45,3.47,3.84,3.32,3.69,2.755,1.875,2.1399999,1.285,3.345,3.24,2.02,1.525,2.845,4.6750002
7114,2.253333333333333,3.67,2.746666666666667,2.72,3.123333333333333,3.963333333333333,3.78,2.856666666666667,3.4,3.38,3.2,4.213333333333334,3.89,4.166666666666667,3.026666666666667,3.19,2.4533334,1.47,3.26,3.3900001,1.8733333,1.7266667,2.7333333,4.0500002
7115,2.62,3.62,2.81,2.92,3.01,3.49,3.79,2.82,3.41,3.37,3.12,4.3,3.66,4.3,2.92,2.5,1.87,1.1900001,3.3900001,3.52,2,1.91,3.0899999,4.0300002
7119,2.374,3.574,2.85,2.886,3.182,3.678,3.736,3.216,3.618,3.466,3.322,4.117999999999999,3.534,3.96,3.02,2.434,2.28,1.546,3.02,2.7920001,1.9619999,1.9,2.618,3.1819999
7121,2,3.5,2.75,2.46,3.31,3.39,3.61,3.23,3.12,3.42,3.62,4.09,3.67,4.28,2.86,2.59,2.04,1.36,3.29,3.0699999,1.92,1.78,2.6099999,3.6800001
7122,1.875,3.25,2.7225,2.54,3.3325,3.3625,3.0725,2.3775,3.1175,2.715,2.5825,4.7125,3.81,4.100000000000001,2.6325,1.815,2.04,1.3675001,4.0675001,3.21,2.4324999,1.9024999,3.385,4.0799999
7123,2.083333333333333,3.453333333333333,2.623333333333334,2.28,2.82,2.873333333333334,3.043333333333333,2.323333333333333,2.853333333333333,2.68,2.56,4.78,4.106666666666666,4.100000000000001,2.72,2.25,2.3799999,1.4233334,3.3600001,3.6166666,2.4266667,2.5133333,3.5599999,4.4100003
7124,2.065,3.44,2.875,2.48,3.055,2.98,3.305,2.795,2.75,2.95,2.97,4.555,3.875,3.54,2.66,1.92,2.21,1.5450001,3.22,3.3899999,2.2550001,1.865,3.405,4.1549997
7125,2.12,3.38,2.75,2.7,3.01,3.57,3.5,2.74,2.99,2.56,2.38,4.32,2.9,4.44,2.91,1.48,2.02,1.13,3.6400001,2.8599999,2.1900001,1.47,3.77,4.0599999
7126,2.265,3.215,2.88,2.745,3.3125,3.8275,3.8625,2.915,3.3,2.5325,2.9075,4.6,3.6125,4.3925,2.8725,2.92,1.9925001,1.4425,3.3575001,3.23,1.9000001,1.8399999,2.71,3.625
7127,2.035,3.25,3.19,3.475,3.445,3.605,3.74,3.315,3.77,3.765,3.49,3.81,2.62,4.2,3.385,2.025,1.6949999,1.245,3.0250001,2.5250001,1.64,2.385,1.825,2.4200001
7131,1.94,3.37,2.81,2.425,2.985,2.705,3.59,2.765,3.49,3.01,2.845,4.67,4.26,3.91,2.61,2.035,2.4100001,1.76,3.29,3.0149999,2.1799998,2.2149999,3.6500001,4.1999998
7211,1.685,3.75,2.565,2.69,2.465,4.42,3.115,2.765,2.98,2.565,2.745,4.465,3.67,4.035,2.985,3.755,2.6750002,1.845,3.4099998,4.625,2.075,1.8,2.8099999,3.4200001
7212,1.62,3.315,2.5,2.84,3.045,3.87,3.5,2.51,2.825,2.48,2.695,4.46,3.73,4.165,2.755,2.71,2.6700001,1.915,3.3600001,4.1750002,2.2950001,1.8199999,2.875,3.54
7213,2.206666666666667,3.5,2.706666666666667,3.096666666666666,3.363333333333333,4.106666666666666,3.733333333333333,2.92,3.49,3.276666666666667,2.89,4.550000000000001,3.663333333333334,4.466666666666667,3.246666666666667,2.766666666666667,2.3966668,1.4566667,3.0566666,3.71,1.95,1.8100001,2.6166668,3.3599999
7214,2.166666666666667,3.58,2.753333333333333,2.44,2.913333333333334,3.486666666666667,3.473333333333333,2.446666666666667,2.92,2.466666666666667,2.54,4.556666666666668,3.513333333333333,3.986666666666667,2.913333333333334,2.866666666666667,2.1766667,1.6,3.5966666,4.2766666,2.1666667,1.8433334,3.3599999,4.1999998
7215,2.25,3.12,2.75,3.04,2.84,3.74,2.98,2.91,3.37,2.23,2.55,4.5,3.86,4.42,3.55,3.7,2.3199999,1.23,3.25,4.23,1.76,1.9,2.77,3.0799999
7221,2,3,2.88,2.77,3.41,4.22,3.76,2.86,3.17,2.65,2.99,4.2,3.54,4.02,3.56,4.06,2.48,1.27,3.3599999,4.8200002,2.1900001,1.92,2.6500001,3.52
7222,1.85,3.274,2.672,2.874,3.47,4.272,3.07,2.928,3.196,2.652,2.884,4.318,3.09,4.642,3.118,2.632,2.3099999,1.142,3.622,3.8840001,2.2379999,2.3600001,2.4860001,3.26
7223,1.926,3.486,2.751,2.86,2.885,4.398999999999999,2.95,2.658,3.157999999999999,2.506,2.882,4.457000000000001,3.656,4.451000000000001,3.553,4.066999999999999,2.3710001,1.641,3.615,4.4430003,2.0869999,2.1240001,2.776,3.5150001
7224,1.69,3.88,2.56,2.69,2.945,4.34,2.615,2.505,3.04,2.415,2.645,4.695,4.03,4.33,2.98,3.75,2.4000001,1.795,3.5949998,4.0549998,2.1199999,2.0650001,2.835,3.6949999
7231,1.982,3.562,2.858,3.074,3.148,3.308,3.857,2.811,3.151,2.608,2.737,4.498,3.377999999999999,4.138,2.975000000000001,1.922,2.184,1.498,3.543,2.9949999,2.1559999,2.2360001,2.2060001,3.085
7232,2,3.44,3.19,3.525,3.445,3.47,3.72,3.46,3.61,3.59,3.45,3.49,2.665,4.455,3.735,2.025,1.635,1.4300001,2.855,3.1399999,1.48,2.5100002,1.8099999,2.48
7233,2.166666666666667,3.682222222222222,2.847777777777778,3.078888888888889,3.227777777777777,3.8,3.841111111111111,2.836666666666666,3.268888888888888,2.776666666666666,2.912222222222222,4.326666666666667,3.26888888888889,4.205555555555556,3.206666666666667,2.69,2.2211111,1.3788888,3.3533332,3.8933332,1.7722223,2.0122223,1.8466667,2.958889
7234,1.69,3.375,3.315,2.945,3.09,3.285,2.89,2.985,3.67,3.875,3.045,4.03,3.01,4.44,3.005,1.69,1.4549999,1.395,2.4200001,2,1.865,2.3200002,1.97,3.4299998
7311,1.4075,3.25,2.9075,3.3475,3.39,3.09,2.245,2.7075,3.1625,2.565,2.53,4.140000000000001,2.7675,4.5175,2.9825,1.5025,1.5425,1.5175,3.49,2.9324999,1.9225,2.8625,2.0925,2.3375001
7312,1.5,3.5,3.19,3.065,3.555,3.46,2.89,2.895,3.705,3.285,3.18,3.89,3.02,4.58,3.725,1.915,1.53,1.1900001,3.5549998,2.2850001,1.84,2.5100002,2.1399999,3.3400002
7313,1.03,3.28,2.72,2.435,3.97,3.15,1.345,1.905,3.075,1.905,2.165,4.58,3.715,4.675,3.825,1.71,2.3200002,1.345,4.0950003,3.3699999,2.665,2.7550001,3.28,4.2449999
7314,1.39,3.6875,2.93625,2.51,4.0025,3.575,2.69625,2.095,3.09375,2.06625,2.265,4.4875,4.01,4.185,3.35,2.215,2.0974998,2.1387501,3.9900002,3.145,2.77125,1.9675,3.125,3.9212499
7315,1.636666666666667,3.668333333333333,2.7075,2.733333333333334,2.878333333333333,3.786666666666667,2.794166666666667,2.49,3.119166666666667,2.3675,2.706666666666667,4.528333333333333,4.043333333333334,4.263333333333333,3.063333333333333,3.01,2.4516666,2.3425,3.4866667,3.8566666,2.4575,2.095,3.22,3.6841667
7316,1.435,3.25,2.815,2.865,3.17,3.09,2.07,2.735,3.025,2.225,2.705,4.390000000000001,3.42,4.14,2.89,2.5,1.9499999,1.155,3.2150002,3.73,2.5650001,2.27,3.1600001,4.0599999
7317,1,3.75,3.12,2.12,4.6,3.08,2.25,1.56,3.2,1.84,2.08,4.52,3.92,4.2,3.28,1.48,1.96,2.4400001,4.3200002,2.48,3.28,2.04,3.3599999,4.1999998
7318,1.13,3.25,2.75,2.01,2.41,2.77,1.14,1.92,2.76,1.82,1.86,4.65,3.39,4.39,2.75,2.33,1.86,1.9299999,3.8800001,3.79,3.3199999,2.8900001,4.0999999,4.3899999
7319,1,3.75,3.12,2.12,4.6,3.08,2.25,1.56,3.2,1.84,2.08,4.52,3.92,4.2,3.28,1.48,1.96,2.4400001,4.3200002,2.48,3.28,2.04,3.3599999,4.1999998
7321,1.31,2.815,2.88,3.285,4.28,3.42,2.385,3.56,3.63,3.405,3.135,3.705,3.895,4.63,3.395,2.005,2.165,1.395,3.73,3.5,2.73,3.3600001,3.8400002,2.9850001
7322,1.38,3.25,2.75,3.32,3.53,4.64,3.9,2.81,3.51,3.54,3.29,4.72,3.82,4.7,3.61,4.04,1.98,1.4,2.8,3.01,2.24,2.05,2.0899999,2.48
7323,2,3.38,2.62,2.97,3.05,4.29,2.76,3.31,3.07,2.61,3.02,4.29,4.19,4.31,3.6,3.57,2.54,1.3,3.5,3.97,2.3,1.96,2.48,3.3099999
7411,2.185,3.25,2.75,3.045,3.42,3.21,3.53,2.965,3.15,3.195,2.97,4.369999999999999,3.28,4.18,2.93,1.955,2.4250002,1.53,3.2649999,2.855,1.9,1.795,2.8299999,2.655
7412,2.039230769230769,3.528461538461538,2.876923076923077,3.376923076923077,3.27,3.406923076923076,3.66923076923077,3.024615384615385,3.37,2.853076923076923,2.984615384615384,4.272307692307693,3.128461538461539,4.313076923076922,3.325384615384615,2.05923076923077,1.9361538,1.4030769,3.3992307,3.2338462,1.9276923,2.1407692,2.1246154,2.2123077
7413,2.25,3.31,3.13,3.175,3.54,3.825,4.09,3.655,3.775,4.1,3.605,3.525,2.58,4.42,3.175,2.32,1.79,1.0550001,2.77,2.54,1.45,2.2049999,2.0900002,2.665
7421,1.891428571428572,3.337142857142858,2.931428571428571,3.501428571428571,3.398571428571429,3.417142857142857,3.36,3.027142857142857,3.335714285714285,2.898571428571429,3.022857142857143,4.19,3.101428571428571,4.397142857142858,3.47,2.118571428571428,1.8814286,1.3857143,3.4557142,3.4542856,1.9242857,2.45,2.3857143,2.0128572
7422,2.107142857142857,3.282857142857143,2.984285714285714,3.265714285714286,3.318571428571429,3.118571428571429,3.527142857142857,2.862857142857143,3.244285714285714,2.658571428571428,2.79,4.2,3.101428571428571,4.28,3.39,1.92,1.6899999,1.6071428,3.3028572,2.9042857,1.99,2.49,2.7328572,2.1857142
7511,1.375,3.2175,2.815,3.0075,2.685,3.5575,2.5025,2.7425,3.2275,2.815,3.12,4.5675,4.1775,4.135,3.2925,3.9575,2.75,1.835,3.2925,3.3125,2.1925001,2.2674999,3.2674999,3.5450001
7512,1,3,2.75,2.46,2.84,2.57,1.76,2.33,2.85,2.72,2.96,4.05,3.66,4.2,3.08,3.27,1.77,1.75,3.21,3.52,2.1800001,3.21,4.5900002,4.4899998
7513,1.75,3.06,2.815,3.02,2.935,3.97,3.075,2.74,3.03,2.345,2.585,4.04,3.305,3.935,3.295,3.79,2.2950001,1.655,3.585,4.21,2.1800001,2.2049999,3.1799998,3.6399999
7514,1.62,3.12,2.75,2.96,2.7,4.19,2.59,3.06,3.5,3.05,3.42,3.86,3.43,4.35,3.97,3.74,2.6199999,1.64,2.8199999,3.99,2.21,1.96,2.79,3.1800001
7515,1.5,2.875,2.435,2.815,2.51,2.58,2.91,3.14,3.54,2.6,2.77,4.05,3.915,4.095,2.975,3.415,2.71,1.545,3.5149999,3.6900001,2.5349998,2.2049999,4.23,4.1900001
7516,1.553333333333333,3.418333333333333,2.584166666666667,2.843333333333334,2.868333333333334,3.77,2.750833333333333,2.78,3.019166666666667,2.600833333333334,2.71,4.335,3.946666666666667,3.98,3.036666666666667,3.776666666666667,2.8316667,1.6358333,3.5333333,4.3233333,2.3841667,1.8150001,3.27,3.6941667
7521,1.94,3.31,2.565,3.01,2.395,4.47,3.86,2.685,3.005,2.475,2.575,4.46,3.62,3.935,3.51,3.775,2.51,1.595,3.4549999,4.7049999,1.6800001,1.6849999,2.885,3.4650002
7522,1.7825,3.6875,2.7825,2.9325,3.6475,3.7375,2.6725,2.88,3.14,2.34,2.42,4.45,3.255,4.4375,2.3025,2.1125,2.26,1.4399999,3.6525002,3.6700001,2.3499999,2.1424999,3.3125,4.1075001
7523,1.75,3.5,2.25,2.34,2.67,4,2.29,2.02,2.34,1.88,2.19,4.81,4.34,4.4,3.68,3.17,2.3,1.15,3.98,4.6999998,2.21,2.0999999,3.4100001,3.8699999
7531,1.12,3.12,2.88,2.15,3.55,3.82,2.21,2.3,2.31,1.99,1.63,4.83,3.58,4.53,3.17,3.71,2.0999999,2.26,3.8900001,2.97,2.97,3.3199999,3.4200001,4.75
7532,1.333333333333333,3.29,2.71,2.91,3.02,3.233333333333333,2.253333333333333,2.77,3.26,2.57,2.703333333333333,4.243333333333333,3.69,4.55,3.036666666666667,2.82,2.6700001,1.8766667,3.47,4.5033336,2.4766667,2.5266666,3.5999999,3.71
7533,1.065,3.69,2.625,2.315,3.3,3.125,1.165,2.23,2.99,2.1,2.16,4.695,3.52,4.415,2.95,2,1.855,1.9849999,4.0349998,3.105,2.9749999,2.4250002,3.915,4.2150002
7534,2,4,2.88,2.67,3.5,3.18,2.61,2.27,2.98,2.57,2.83,4.89,4.14,4.33,2.21,2.3,2.3499999,2.21,3.6099999,3.05,2.1400001,2.01,3.3099999,4.2800002
7535,1,3.25,2.12,2.47,2.34,2.82,2.46,2.7,3.06,2.74,2.88,4.46,4.42,3.57,2.03,4.04,3.3800001,1.4299999,3.5599999,4.6599998,2.97,1.4,4.3600001,4.4899998
7536,1.13,3.25,2.75,2.01,2.41,2.77,1.14,1.92,2.76,1.82,1.86,4.65,3.39,4.39,2.75,2.33,1.86,1.9299999,3.8800001,3.79,3.3199999,2.8900001,4.0999999,4.3899999
7541,3,3.75,3,2.76,3.24,3.73,3.9,2.96,3.22,3.33,3.21,4.18,3.17,4.26,3.39,2.36,1.97,1.45,2.6800001,3.1700001,1.8099999,1.8200001,2.3900001,3.3699999
7543,1.62,3,2.88,3.38,2.87,3.31,2.77,2.56,2.96,2.54,2.88,3.75,3.17,4.55,3.63,3.13,2.02,1.1,3.1900001,4.0500002,1.67,2.3,3.6700001,3.3699999
7544,2.246666666666667,3,3.253333333333333,2.74,3.376666666666666,3.013333333333333,4.046666666666667,2.906666666666666,3.623333333333333,3.2,3.073333333333333,3.88,3.413333333333334,4.13,3.246666666666667,2.603333333333333,1.8200001,1.49,3.1900001,2.1600001,2.1233335,2.5633333,3.1099999,4.1300001
7549,1.31,3.31,3,2.62,3.075,2.51,1.495,2.24,2.97,1.95,2.085,4.555,3.785,3.68,3.425,2.45,1.54,1.54,3.46,2.9200001,3.2950001,2.5899999,4.2000003,3.9450002
8111,2.5,3.315,2.625,2.74,2.71,3.98,3.775,2.33,2.915,2.36,2.405,4.449999999999999,3.59,3.925,2.8,3.45,2.6849999,1.8399999,3.1700001,4.5600004,2.24,2.2950001,2.5149999,3.5699999
8112,1.935,3.31,2.75,3.1,2.515,4.275,3.645,2.97,3.61,2.66,2.76,3.7,3.26,3.33,3.055,3.625,2.75,1.5550001,3.0999999,3.96,1.9200001,1.85,2.55,3.425
8113,2.35,3.524,2.776,2.828,2.974,4.290000000000001,3.762,2.998,3.384,3.002,3.244,4.324,3.69,4.162000000000001,3.982,3.418000000000001,1.9779999,1.364,2.928,3.878,1.572,2.0279999,2.1819999,3.51
8114,2.1275,3.4675,2.875,3.2675,2.6725,4.1925,3.6825,2.9975,3.22,2.9775,2.915,3.82,3.255,4.2,3.6575,3.9275,2.3325,1.3125,3.105,4.0675001,2.075,2.0325,2.72,3.4175
8121,2.124,3.598,2.776,3.038,2.86,4.128,3.516,2.66,3.188,2.792,3.042,4.298,3.76,4.078,3.622000000000001,4.08,2.6619999,1.86,3.536,4.1919999,1.992,1.946,2.858,3.352
8122,1.62,3.125,2.685,2.925,2.785,4.035,3.68,2.915,3.4,2.655,2.86,4.135,3.455,3.71,3.28,3.52,2.6900001,1.585,3.3200002,4.2250004,1.825,1.7850001,3.1199999,3.9300001
8131,1.966666666666667,3.291666666666667,2.750833333333333,3.203333333333333,2.935,3.973333333333334,3.270833333333333,2.93,3.1325,2.484166666666667,2.816666666666666,4.018333333333334,3.35,4.036666666666666,3.423333333333333,3.476666666666667,2.1416667,1.5191666,3.46,4.1466665,2.0641668,2.2250001,3.0033333,3.5474999
8132,1.12,3.12,2.88,2.72,3.59,4.24,1.07,2.2,3.68,2.57,2.69,3.93,3.22,3.73,3.25,1.77,2.29,1.14,3.6700001,2.05,2.25,3.28,2.3900001,2.76
8141,1.958,3.475,2.6025,3.144,2.921,4.304,3.3065,2.864,3.1075,2.7365,2.658,4.245,3.734,3.87,3.448,3.63,2.7850001,1.6115,3.358,4.0479999,1.9565001,1.869,2.7179999,3.4784999
8142,1.886363636363636,3.453636363636364,2.715454545454545,2.841818181818182,2.863636363636363,4.337272727272727,3.131818181818182,2.702727272727273,3.216363636363637,2.558181818181819,2.972727272727273,4.390909090909091,3.597272727272727,4.342727272727273,3.57909090909091,3.987272727272727,2.4200001,1.6409091,3.560909,4.429091,2.1372728,1.9972727,2.9163637,3.5590909
8143,1.75,3.37,2.88,2.465,2.665,4.51,3.175,2.865,3.44,2.565,2.885,4.645,3.675,4,3.54,4.055,2.76,1.425,3.1849999,4.5500002,1.71,1.615,2.645,3.4549999
8151,1.38,3.38,2.5,2.54,2.42,3.43,2.43,2.47,2.35,2.32,2.18,4.65,4.11,3.87,3.36,4.17,3.0999999,2.2,3.8,4.46,2.3599999,2.28,2.71,3.9200001
8152,1,3.38,2.38,2.3,2.27,4.11,2.01,1.76,2.63,2.26,2.83,4.78,3.67,3.64,3.19,4.29,3.23,2.46,3.74,4.52,2.0599999,1.64,2.8099999,3.6199999
8153,1.12,3.62,2.38,2.09,2.39,3.38,2.33,2.45,2.67,2.13,2.34,4.68,4.44,3.98,2.61,3.03,2.71,2.48,3.74,4.3299999,2.5799999,2.4300001,3.4000001,4.04
8154,1.38,3.13,2.88,2.76,3,3.63,2.11,2.55,3.09,2.55,2.19,3.8,3.16,3.75,2.81,3.9,2.76,1.37,3.29,4.3200002,2.1800001,2.27,3.4200001,3.6500001
8156,1,3.38,2.12,2.5,2.75,4.44,1.87,2.33,3.45,1.86,2.25,4.81,4.84,3.72,4.07,2.86,3.49,2.52,3.6500001,3.95,1.92,2.05,3.4000001,4.4000001
8157,1,3,2.88,1.97,2.07,3.62,2.04,1.99,3.33,2.77,2.71,3.99,4.13,3.93,3.07,4.12,2.8199999,2.1500001,2.9000001,3.47,2.6900001,2.26,3.4300001,3.5
8160,1.652,3.148000000000001,2.852,3.074,2.796,4.27,2.946,3.074,3.34,2.87,2.974,4.022,3.256,4.234,3.71,4.006,2.592,1.6159999,3.2460001,3.9660001,2.062,2.188,2.8079998,3.152
8171,1.62,3.06,2.815,2.625,2.725,4.234999999999999,3.03,2.995,3.84,2.615,2.96,4.26,3.53,3.66,3.25,3.86,2.71,1.515,2.9349999,4.1500001,1.6849999,1.77,2.7649999,3.5549998
8172,1.88,3.38,2.5,1.93,2.47,4.11,3.27,2.33,2.77,2.47,2.45,4.44,3.85,4.6,2.85,4.21,1.95,1.7,3.8299999,4.6100001,2.3499999,1.89,2.73,4.0700002
8181,1.985,3.354166666666667,2.68875,3.185,2.8275,4.27,3.49375,2.78,2.967916666666667,2.765416666666667,2.701666666666666,3.995833333333334,3.345,4.046666666666667,3.443333333333333,3.648333333333333,2.4758334,1.4729166,3.355,4.2533331,2.0104167,1.9974999,2.8083334,3.5487499
8182,2,3.12,2.88,3.96,3.69,4.25,3.27,3.42,3.65,2.82,3.44,3.94,3.09,3.83,3.74,3.01,2.03,1.78,3.1700001,3.9100001,1.27,2.5599999,1.72,2.4400001
8183,2,3.12,2.88,3.4,3.22,3.44,3.33,2.77,2.99,2.87,2.98,4.55,4.11,4.41,3.97,4.6,2.4100001,1.8200001,2.98,4.0900002,2.1800001,2.21,3.0799999,3.74
8189,1.815,3.2475,2.815,2.8125,2.69,4.37,3.415,2.8975,3.3175,2.56,2.835,4.18,3.06,4.16,3.545,3.985,2.3800001,1.87,3.2049999,4.2075,1.905,1.9525,2.8175001,3.2674999
8211,2,3.5,2.815,3.03,3.365,4.24,2.965,2.565,3.51,2.595,2.68,4.765000000000001,3.84,4.470000000000001,3.33,2.525,2.29,1.245,3.46,4.23,2.0599999,1.9449999,3.0549998,3.165
8212,1.405,3.3775,2.6225,3.0525,2.8575,3.5625,2.24,2.76,3.1,2.375,2.8125,4.4825,3.735,4.405,3.3675,2.54,2.2424998,1.4549999,3.3975,3.9825001,2.2350001,2.3625,3.2450001,3.4575
8219,1.62,3.75,3,3.05,2.54,3.76,2.16,2.59,3.5,2.79,3.23,4.69,3.88,4.66,2.81,2.86,2.4400001,1.1900001,3.51,4.3099999,1.84,1.62,3.4200001,3.5699999
8311,3.21,3.46,2.916666666666667,3.12,2.606666666666667,4.186666666666667,4.569999999999999,3.043333333333333,3.18,2.61,2.943333333333333,4.57,3.94,4.250000000000001,3.633333333333333,2.85,2.5966666,1.5433333,3.2866666,3.2166667,1.63,2.6466668,3.2366667,3.72
8312,2.5,2.75,2.88,2.77,2.16,3.34,2.74,2.59,3.06,2.39,2.6,3.15,3,4.06,3.68,2.87,2.6300001,1.09,3.3800001,3.52,1.8200001,2.3599999,4.2399998,4.48
8321,2.75,3.12,2.75,2.56,2.09,2.68,3.98,2.34,3.35,1.41,1.41,3.64,3.7,4.14,3.48,1.44,1.85,1.28,3.4100001,3.3,3.99,2.3900001,4.1300001,4.2600002
8322,3.08,2.96,3,2.96,2.976666666666667,2.803333333333333,4.366666666666666,2.996666666666667,3.28,2.136666666666667,2.253333333333333,3.976666666666667,3.51,4.14,3.516666666666666,1.896666666666667,2.1633334,1.6366667,3.0133333,2.1633332,2.6200001,1.9866667,3.6466668,3.9133334
8331,3.13,3.75,3.12,2.84,2.02,3.54,4.44,2.81,3.22,1.88,2.42,4.55,4.34,4.46,3.84,3.47,3.3199999,2.27,2.96,2.01,1.89,3.02,3.5,3.76
8332,3.75,3.12,2.75,3.15,2.86,3.8,4.58,3,3.34,2.26,2.32,4.08,3.27,3.94,2.94,2.8,2.23,2,3.3299999,2.5899999,1.7,2.5999999,2.9000001,3.8399999
8341,2.625,3.12,2.815,2.28,3.17,4.390000000000001,4.555,2.62,3.98,3.3,2.99,4.195,3.1,3.755,3.055,4.02,2.1500001,1.705,2.55,3.9349999,1.855,2.0450001,1.9400001,3.3150001
8342,2.845,3.28,2.625,2.9125,3.095,4.484999999999999,4.0975,2.86,3.2675,2.8525,2.912500000000001,4.5275,3.915,3.665,2.7075,3.37,2.2725,1.3375,3.2674999,3.3699999,1.6800001,2.085,2.0575001,3.7375
8343,2.3125,3.03,2.81,2.61,2.73,3.655,3.245,2.8725,3.0825,2.695,2.885,3.8875,3.54,4.0425,3.2375,3.0325,2.125,1.4549999,3.2950001,3.04,2.1524999,2.6500001,2.9375,3.7325001
8344,3.12,3.5,2.75,2.81,2.89,3.56,4.59,2.56,3.62,2.76,3.14,4.56,3.61,4.59,3.26,2.8,2.0699999,1.5,2.78,3.29,1.63,1.92,3.45,3.9200001
8350,3.375,3.625,3,3.105,3.02,3.695,4.285,2.475,3.33,3.27,2.56,4.205,3.02,3.585,3.235,2.52,2.1300001,1.395,3.0050001,2.8299999,1.645,1.98,2.085,3.6099999
9111,1,2.75,2.88,2.19,2.19,2.46,1.53,2.8,2.83,2.08,2.55,4.04,4.77,3.63,2.74,1.8,2.6600001,1.59,2.5999999,2.6900001,3.1500001,2.8299999,3.7,3.98
9112,1.46,2.956666666666667,2.67,1.94,2.18,2.63,2.313333333333333,2.28,2.82,1.97,2.286666666666667,3.993333333333334,3.836666666666666,3.776666666666667,2.78,1.953333333333333,2.3666668,1.5933334,3.3133333,3.2833333,2.9966667,2.79,3.9633334,4.2733331
9121,1,3.62,2,2.14,2.74,3.9,2.28,2.32,1.83,1.93,2.43,4.24,3.68,4.07,2.84,4.19,2.05,1.92,3.02,3.8099999,2.6400001,2.21,3.23,3.77
9122,2,3.12,2.38,1.7,2.03,2.76,3.35,2.2,2.69,1.97,2.01,3.95,3.37,3.77,2.88,2.25,2.52,1.42,3.9000001,3.9100001,3.02,2.99,4.1799998,4.3499999
9123,1.38,3,2.75,1.93,2.32,2.67,2.06,1.84,2.94,1.86,2.3,3.99,3.37,3.93,2.72,1.81,1.92,1.77,3.4400001,3.25,2.8199999,2.55,4.0100002,4.4899998
9129,2.62,3.75,2.75,2.59,2.92,3.38,4.38,3.21,3.39,1.88,2.6,4.29,3.54,3.39,2.97,2.87,2.25,1.29,3.6700001,2.6199999,2.5,2.4400001,2.8599999,3.9100001
9211,2.12,3.19,2.69,1.79,2.15,2.63,2.2,1.9,2.87,2.1,2.19,4.41,3.38,3.44,2.29,3.14,2.3900001,1.71,3.9200001,3.6800001,3.51,2.4400001,3.99,4.77
9212,2.5,3.12,2.62,3.05,2.71,3.46,3.77,2.57,3.38,3,2.5,3.18,3,3.37,2.76,1.52,2.0699999,1.8099999,3.24,2.9200001,2.6199999,2.27,3.2,3.79
9213,2.31,3.155,2.655,2.42,2.43,3.045,2.985,2.235,3.125,2.55,2.345,3.795,3.19,3.405,2.525,2.33,2.23,1.76,3.5799999,3.3000002,3.0650001,2.355,3.595,4.2799997
9214,2.12,3.285,2.595,2.035,2.765,3.21,2.77,1.815,3.26,2.02,2.665,4.34,3.28,3.315,2.285,3.495,2.6100001,1.865,3.3050001,3.71,3.03,2.27,3.3,4.605
9215,2.88,3.25,2.88,3.64,3.94,3.13,4.05,3.34,3.96,2.89,2.84,2.74,2.82,3.65,3.04,1.83,1.8200001,1.24,3.1400001,1.75,2.5699999,2.1199999,2.74,3.1500001
9216,2.5,3.12,2.62,3.05,2.71,3.46,3.77,2.57,3.38,3,2.5,3.18,3,3.37,2.76,1.52,2.0699999,1.8099999,3.24,2.9200001,2.6199999,2.27,3.2,3.79
9311,3,4,2.75,3.71,3.43,4.74,4.7,3.97,3.43,3.46,3.88,4.44,4.08,3.94,3.13,3.91,1.97,1.1799999,2.1500001,3.74,1.6,1.25,1.45,2.5999999
9312,2.75,3.5,2.815,3.175,3.495,3.8,4.245,3.275,3.87,3.255,3.025,4.42,4.065,4.01,3.405,3.495,2.28,1.155,2.5450001,2.575,1.6900001,2.335,2.835,3.8099999
9313,2.195714285714286,3.537142857142857,2.641428571428572,2.831428571428571,3.222857142857143,3.358571428571429,3.557142857142857,2.802857142857142,3.184285714285714,2.642857142857143,2.728571428571428,4.55,3.654285714285714,3.87,2.88,2.698571428571429,2.7571428,1.3342857,3.1699998,3.4714286,1.9542857,2.0542858,2.8728571,3.3828571
9321,1.88,3,2.12,3.37,2.73,3.22,2.51,2.97,3.53,2.89,3.44,4.06,3.88,4.32,3.87,3.04,2.6400001,1.4400001,2.6500001,3.6900001,1.74,1.67,2.8800001,3.3
9329,1.773333333333333,3.228333333333333,2.54,2.416666666666667,2.221666666666666,3.923333333333333,3.028333333333333,2.398333333333333,2.928333333333333,2.213333333333333,2.43,4.44,3.736666666666667,3.836666666666667,3.136666666666667,3.563333333333334,2.6183333,1.75,3.5033333,3.9166667,2.5166667,1.8333334,3.1200001,3.8649998
9331,2.75,3.12,2.75,2.56,2.09,2.68,3.98,2.34,3.35,1.41,1.41,3.64,3.7,4.14,3.48,1.44,1.85,1.28,3.4100001,3.3,3.99,2.3900001,4.1300001,4.2600002
9333,2.405,3.5925,2.56,3.14,2.8725,3.885,3.8875,2.8125,2.9475,2.74,2.8,4.34,3.635,4.05,3.735,3.135,2.2424998,1.3899999,3.425,3.635,1.9250001,1.78,2.855,3.6974998
9411,1,2.94,2.815,2.46,2.975,2.605,2.02,2.355,2.4,2.535,2.61,3.2,3.02,4.035,2.71,2.475,2.9299998,1.4000001,3.6500001,3.01,3.2449999,2.79,3.8300002,4.1500001
9412,1.666666666666667,3.416666666666667,2.79,2.74,2.933333333333334,2.993333333333334,2.246666666666667,2.586666666666666,3.47,2.85,3.173333333333333,3.54,3.703333333333333,3.67,2.903333333333333,2.486666666666667,2.6966667,1.92,2.6166666,2.55,2.5533333,2.3166666,3.6300001,3.7333333
9520,1.25,1.25,3.75,1.88,2.88,1.42,2.13,2.57,4.26,3.39,3.65,2.43,1.79,2.96,2.04,1.04,1.25,1.86,3.46,1.54,4.4200001,3.6199999,4.8800001,4.71
9611,2.5,3.12,2.88,2.62,3.01,4.28,4.59,2.01,2.88,2.07,2.46,4.98,4.64,4.38,3.86,2.5,1.67,2.53,3.24,2.6400001,1.4,1.97,2.54,2.97
9612,2.5,3.12,2.88,2.62,3.01,4.28,4.59,2.01,2.88,2.07,2.46,4.98,4.64,4.38,3.86,2.5,1.67,2.53,3.24,2.6400001,1.4,1.97,2.54,2.97
9621,2.685,3,2.815,2.74,2.49,3.095,4.125,2.59,3.435,2.05,2.355,3.35,3.12,3.715,3.3,1.715,2.01,1.5650001,2.665,2.3099999,2.98,2.02,3.7449999,4.1800003
9622,2.12,3.456666666666667,2.75,2.956666666666667,3.013333333333334,3.663333333333334,3.556666666666667,2.533333333333333,3.513333333333333,2.516666666666667,2.956666666666667,4.223333333333334,3.216666666666667,3.94,3.236666666666667,2.45,2.1099999,1.1966667,3.1833334,4.1166668,1.8533334,2.03,2.0166667,2.6500001
9623,2.065,3.25,2.685,2.76,2.44,2.5,3.57,2.4,3.07,1.71,2.05,4.31,3.79,4.19,3.975,2.56,2.22,2.3800001,3.7649999,2.7550001,2.6300001,2.655,3.1599998,3.395
9624,2.06,3.435,2.5,2.43,2.305,3.92,3.625,2.335,2.825,2.57,2.53,4.37,3.47,3.64,3.02,2.71,2.375,1.6199999,3.7199998,3.1900001,2.4100001,1.6900001,3.25,3.8849998
9629,1.748,2.6,3.076,2.054,2.462,2.696,1.91,2.316,3.316,2.14,2.392,3.544,3.288,3.62,2.912,1.968,2.7260001,1.46,3.2319999,2.164,2.928,3.164,4.066,3.9719999
